,PDQ,avg_pPDQ,avg_spatial,avg_fg,avg_bg,avg_label,TP,FP,FN,mAP,moLRP,moLRPLoc,moLRPFP,moLRPFN
coco_mcdrop50_10_no_retrain_c9s4_0_5_0_6,0.13799095937811692,0.47998306908651406,0.3802499278729557,0.6607323849579451,0.6215296007427291,0.6693951272849117,10747,601,26034,0.14924600544655353,0.8483945051663125,0.18690095327098064,0.1368847378865259,0.7567167707926078
