,PDQ,avg_pPDQ,avg_spatial,avg_fg,avg_bg,avg_label,TP,FP,FN,mAP,moLRP,moLRPLoc,moLRPFP,moLRPFN
coco_mcdrop15_10_no_retrain_c10s4_0_5_0_6,0.1924849962246531,0.5501525651961543,0.485596388420683,0.756637459693221,0.683141223136513,0.7039952722580732,13226,1021,23555,0.2176137162497195,0.7829434036163926,0.15388139044650573,0.15579945207644927,0.6782857733433569
