,PDQ,avg_pPDQ,avg_spatial,avg_fg,avg_bg,avg_label,TP,FP,FN,mAP,moLRP,moLRPLoc,moLRPFP,moLRPFN
coco_mcdrop01_10_no_retrain_c3s5_0_5_0_6,0.035807463619489444,0.34029375082958757,0.28640767285905616,0.7160821532960768,0.45881888872483484,0.6520150721148887,3935,615,32846,0.04975105615249917,,,,
