,PDQ,avg_pPDQ,avg_spatial,avg_fg,avg_bg,avg_label,TP,FP,FN,mAP,moLRP,moLRPLoc,moLRPFP,moLRPFN
coco_mcdrop50_10_no_retrain_c8s3_0_5_0_6,0.09713331955814028,0.4743720257490572,0.38100606888325106,0.6690374413264626,0.6134017289992686,0.656638774416353,7611,389,29170,0.0899794423530428,0.9082504667352593,0.1887096738544313,0.14966535318921945,0.8500938986672197
