,PDQ,avg_pPDQ,avg_spatial,avg_fg,avg_bg,avg_label,TP,FP,FN,mAP,moLRP,moLRPLoc,moLRPFP,moLRPFN
coco_mcdrop75_10_c14s4_0_5_0_6,0.0724444627381135,0.5429514104889566,0.5280073045233442,0.7530646814898594,0.7365994440251867,0.637774120056605,4930,168,31851,0.07261082266150902,,,,
