,PDQ,avg_pPDQ,avg_spatial,avg_fg,avg_bg,avg_label,TP,FP,FN,mAP,moLRP,moLRPLoc,moLRPFP,moLRPFN
coco_mcdrop05_10_no_retrain_c0s2_0_5_0_6,0.1471166669550837,0.5351219713308323,0.48824332407752963,0.7672621868651422,0.6749007876132824,0.700659527166936,10364,917,26417,0.17292556333727563,0.8272440728091153,0.15440860477538002,0.172472867799897,0.7463225005169091
