,PDQ,avg_pPDQ,avg_spatial,avg_fg,avg_bg,avg_label,TP,FP,FN,mAP,moLRP,moLRPLoc,moLRPFP,moLRPFN
coco_mcdrop75_10_no_retrain_c14s4_0_1_0_6,0.03121894511583448,0.17424101829193986,0.17518272550949046,0.4125971212290991,0.44477959919380966,0.22412357798278262,28483,122190,8298,0.08849319324426841,,,,
