,PDQ,avg_pPDQ,avg_spatial,avg_fg,avg_bg,avg_label,TP,FP,FN,mAP,moLRP,moLRPLoc,moLRPFP,moLRPFN
coco_mcdrop25_10_no_retrain_c5s4_0_5_0_6,0.06547532741594132,0.4706451871003912,0.4026519164523938,0.6799261914009822,0.6539541269985625,0.64930352271528,5156,281,31625,0.059705734953431004,,,,
