,PDQ,avg_pPDQ,avg_spatial,avg_fg,avg_bg,avg_label,TP,FP,FN,mAP,moLRP,moLRPLoc,moLRPFP,moLRPFN
coco_mcdrop50_10_c5s1_0_1_0_6,0.16589118038171885,0.3823533684810487,0.38877574053514224,0.7283329941428882,0.5776358788167065,0.4794557005526266,22149,14269,14632,0.2732658499464588,0.7513221556322471,0.19146616154041032,0.30185189240199545,0.5439728431452938
