,PDQ,avg_pPDQ,avg_spatial,avg_fg,avg_bg,avg_label,TP,FP,FN,mAP,moLRP,moLRPLoc,moLRPFP,moLRPFN
coco_mcdrop50_10_c12s4_0_1_0_6,0.11635580250664272,0.33047157080512035,0.3546569306108527,0.7034366278021718,0.5520851712500581,0.42105556313725034,16550,10224,20231,0.14771755160398228,,,,
