,PDQ,avg_pPDQ,avg_spatial,avg_fg,avg_bg,avg_label,TP,FP,FN,mAP,moLRP,moLRPLoc,moLRPFP,moLRPFN
coco_mcdrop05_10_no_retrain_c2s3_0_5_0_6,0.11552505348079248,0.5199598205404408,0.4795300197916157,0.7580347453274218,0.6719256062396005,0.6863680072334492,8330,711,28451,0.13136045879349884,,,,
