,PDQ,avg_pPDQ,avg_spatial,avg_fg,avg_bg,avg_label,TP,FP,FN,mAP,moLRP,moLRPLoc,moLRPFP,moLRPFN
coco_mcdrop25_10_no_retrain_c9s4_0_1_0_6,0.177380710656011,0.38371470547587855,0.3784344717453348,0.6975192689542368,0.5846028491959976,0.4650322254202659,24904,17092,11877,0.2855124240506316,,,,
