,PDQ,avg_pPDQ,avg_spatial,avg_fg,avg_bg,avg_label,TP,FP,FN,mAP,moLRP,moLRPLoc,moLRPFP,moLRPFN
coco_mcdrop05_10_no_retrain_c6s3_0_5_0_6,0.029373304494062388,0.3065204199739922,0.22990633449293965,0.673777316342894,0.4414621195200428,0.6507057281607636,3588,661,33193,0.038306322110202656,,,,
