,PDQ,avg_pPDQ,avg_spatial,avg_fg,avg_bg,avg_label,TP,FP,FN,mAP,moLRP,moLRPLoc,moLRPFP,moLRPFN
coco_mcdrop50_10_no_retrain_c9s4_0_1_0_6,0.12719874071061726,0.3129925506846185,0.29611367518060194,0.6147471211908947,0.516723864816594,0.3967279056305775,27858,31768,8923,0.24745890329958153,0.7851608626194411,0.21827492924775743,0.340379005948518,0.5550139869950392
