,PDQ,avg_pPDQ,avg_spatial,avg_fg,avg_bg,avg_label,TP,FP,FN,mAP,moLRP,moLRPLoc,moLRPFP,moLRPFN
coco_mcdrop50_10_c2s5_0_5_0_6,0.03725971192142424,0.4659602461152589,0.461997746173632,0.7259161128819109,0.6776168475192919,0.6189651491270123,2962,261,33819,0.029918875288591093,,,,
