,PDQ,avg_pPDQ,avg_spatial,avg_fg,avg_bg,avg_label,TP,FP,FN,mAP,moLRP,moLRPLoc,moLRPFP,moLRPFN
coco_mcdrop50_10_no_retrain_c6s2_0_1_0_6,0.06669914218456334,0.2180368469661267,0.20288464946850057,0.5330133795434114,0.4514594835204047,0.31907803514305555,14504,10632,22277,0.07261458612207028,0.9261830256765144,0.2829050684672464,0.5504549031616508,0.8021048247761033
