,PDQ,avg_pPDQ,avg_spatial,avg_fg,avg_bg,avg_label,TP,FP,FN,mAP,moLRP,moLRPLoc,moLRPFP,moLRPFN
coco_mcdrop05_10_no_retrain_c7s4_0_5_0_6,0.09002091841527257,0.49060680787739047,0.45150518391364225,0.746805867963032,0.6498783210852687,0.6678421102406795,6879,709,29902,0.08977589563503134,,,,
