,PDQ,avg_pPDQ,avg_spatial,avg_fg,avg_bg,avg_label,TP,FP,FN,mAP,moLRP,moLRPLoc,moLRPFP,moLRPFN
coco_mcdrop75_10_no_retrain_c0s1_0_5_0_6,0.0661147371498973,0.38086679330244616,0.2669098688831111,0.5293479127150031,0.5469884401105312,0.613036850327597,6452,387,30329,0.06097330635824669,,,,
