,PDQ,avg_pPDQ,avg_spatial,avg_fg,avg_bg,avg_label,TP,FP,FN,mAP,moLRP,moLRPLoc,moLRPFP,moLRPFN
coco_mcdrop75_10_no_retrain_c13s5_0_1_0_6,0.027628583261011176,0.14048895429012112,0.16183919857293735,0.34891882735962526,0.47796509711890306,0.17129748714481222,19408,61907,17373,0.05361629094125612,0.9493950945313653,0.27158048091115744,0.6504004499783864,0.8678175959443543
