,PDQ,avg_pPDQ,avg_spatial,avg_fg,avg_bg,avg_label,TP,FP,FN,mAP,moLRP,moLRPLoc,moLRPFP,moLRPFN
coco_baseline_c12s3_0_5_0_6,0.052647558896113535,0.23024046495455372,0.1534560540766268,0.7338250508253757,0.24887418874788436,0.7059805180354926,8812,1756,27969,0.13982564851187887,,,,
