,PDQ,avg_pPDQ,avg_spatial,avg_fg,avg_bg,avg_label,TP,FP,FN,mAP,moLRP,moLRPLoc,moLRPFP,moLRPFN
coco_mcdrop75_10_no_retrain_c3s5_0_5_0_6,0.025903509917100328,0.38508631852979097,0.27836078030598926,0.523692630318469,0.5914867172938881,0.6042723257135163,2481,102,34300,0.016101761522523402,,,,
