,PDQ,avg_pPDQ,avg_spatial,avg_fg,avg_bg,avg_label,TP,FP,FN,mAP,moLRP,moLRPLoc,moLRPFP,moLRPFN
coco_mcdrop01_10_no_retrain_c12s4_0_5_0_6,0.08161949153066522,0.3855181698166048,0.3264571913525682,0.7573586911119248,0.47736822928101874,0.6883235491509149,8014,1072,28767,0.11111502482448261,,,,
