,PDQ,avg_pPDQ,avg_spatial,avg_fg,avg_bg,avg_label,TP,FP,FN,mAP,moLRP,moLRPLoc,moLRPFP,moLRPFN
coco_mcdrop50_10_no_retrain_c10s1_0_1_0_6,0.1198913318982171,0.3176937396220267,0.2923283793142409,0.6182411336424798,0.5091724340197085,0.4116107600750774,30481,43989,6300,0.27105618988572583,,,,
