,PDQ,avg_pPDQ,avg_spatial,avg_fg,avg_bg,avg_label,TP,FP,FN,mAP,moLRP,moLRPLoc,moLRPFP,moLRPFN
coco_mcdrop50_10_c11s2_0_1_0_6,0.1737221136622218,0.3902978648581554,0.4048871837517578,0.7376609286164664,0.591301391412424,0.4733023777713769,22284,13284,14497,0.2859865354153317,0.7404969777759007,0.1823887827607172,0.28247192294130746,0.5418271812460274
