,PDQ,avg_pPDQ,avg_spatial,avg_fg,avg_bg,avg_label,TP,FP,FN,mAP,moLRP,moLRPLoc,moLRPFP,moLRPFN
coco_mcdrop25_10_no_retrain_c9s4_0_5_0_6,0.17487230280511548,0.5456998749961577,0.4722121357124841,0.7385717747742134,0.6802606023665307,0.698125138587663,12027,750,24754,0.19543323003086369,0.8050041635875754,0.16224841123778988,0.1387197005128144,0.7079247335700171
