,PDQ,avg_pPDQ,avg_spatial,avg_fg,avg_bg,avg_label,TP,FP,FN,mAP,moLRP,moLRPLoc,moLRPFP,moLRPFN
coco_mcdrop75_10_no_retrain_c10s1_0_5_0_6,0.07698258800690311,0.37022168227164975,0.25623512717985336,0.5195935697017178,0.5392893812887131,0.6081797189251069,7750,490,29031,0.0734699241977489,0.9223768361066288,0.24083931241764445,0.1760208048474,0.8536758730215919
