,PDQ,avg_pPDQ,avg_spatial,avg_fg,avg_bg,avg_label,TP,FP,FN,mAP,moLRP,moLRPLoc,moLRPFP,moLRPFN
coco_mcdrop50_10_no_retrain_c3s3_0_5_0_6,0.09140000005199526,0.4706796011546763,0.3768793858852064,0.6390850696291469,0.6447696135092337,0.6586038596812479,7216,379,29565,0.08456748218444743,0.9129130766061021,0.1983393009101988,0.17246487540618874,0.8578920656578177
