,PDQ,avg_pPDQ,avg_spatial,avg_fg,avg_bg,avg_label,TP,FP,FN,mAP,moLRP,moLRPLoc,moLRPFP,moLRPFN
coco_mcdrop75_10_no_retrain_c10s2_0_1_0_6,0.044261057486587776,0.21748983886410914,0.19508742089795308,0.4739897767651613,0.44294447756866545,0.29431384709838665,33421,127443,3360,0.1709919539232346,0.8561395154309549,0.26715275299631963,0.4496349083587064,0.6202701635635115
