,PDQ,avg_pPDQ,avg_spatial,avg_fg,avg_bg,avg_label,TP,FP,FN,mAP,moLRP,moLRPLoc,moLRPFP,moLRPFN
coco_mcdrop75_10_no_retrain_c0s5_0_5_0_6,0.01792969408381989,0.382285951431087,0.28617212255566105,0.5399927139626762,0.5762763822354333,0.5851612551019371,1730,105,35051,0.010365947274220317,,,,
