,PDQ,avg_pPDQ,avg_spatial,avg_fg,avg_bg,avg_label,TP,FP,FN,mAP,moLRP,moLRPLoc,moLRPFP,moLRPFN
coco_mcdrop20_10_no_retrain_c3s3_0_5_0_6,0.11158991277837615,0.5200560990680511,0.45586821898041974,0.7159560859181007,0.688095762181166,0.6813626222222191,8007,535,28774,0.11243163959390809,0.8863468675198106,0.1705499235322206,0.19177893293696271,0.8264273321661364
