,PDQ,avg_pPDQ,avg_spatial,avg_fg,avg_bg,avg_label,TP,FP,FN,mAP,moLRP,moLRPLoc,moLRPFP,moLRPFN
coco_mcdrop25_10_c1s2_0_1_0_6,0.14688029355215063,0.36371876983984464,0.3745531126634848,0.7086682542680761,0.573789797925311,0.47492057300221885,19805,12262,16976,0.2381880797262646,0.7812306475617763,0.1867938157834667,0.339759742967737,0.6046175532156729
