,PDQ,avg_pPDQ,avg_spatial,avg_fg,avg_bg,avg_label,TP,FP,FN,mAP,moLRP,moLRPLoc,moLRPFP,moLRPFN
coco_mcdrop05_10_no_retrain_c1s5_0_5_0_6,0.04905763888757952,0.47720170030414216,0.45796186045350235,0.7201797989012371,0.6808101172880126,0.6399244763101352,3822,397,32959,0.04274009607105919,,,,
