,PDQ,avg_pPDQ,avg_spatial,avg_fg,avg_bg,avg_label,TP,FP,FN,mAP,moLRP,moLRPLoc,moLRPFP,moLRPFN
coco_mcdrop25_10_no_retrain_c8s5_0_5_0_6,0.10650591724913709,0.5330168963232619,0.47190008705195885,0.744449757852684,0.6736208939837858,0.676668771342207,7431,408,29350,0.09898788541490058,,,,
