,PDQ,avg_pPDQ,avg_spatial,avg_fg,avg_bg,avg_label,TP,FP,FN,mAP,moLRP,moLRPLoc,moLRPFP,moLRPFN
coco_mcdrop25_10_no_retrain_c10s4_0_1_0_6,0.17181567940332215,0.3787884697297791,0.3690934262898159,0.6960379000245452,0.5736551419105603,0.46661389322148167,26444,21518,10337,0.2907173061439411,0.7427009732820162,0.1898619211160467,0.3097183728524877,0.5232186264215903
