,PDQ,avg_pPDQ,avg_spatial,avg_fg,avg_bg,avg_label,TP,FP,FN,mAP,moLRP,moLRPLoc,moLRPFP,moLRPFN
coco_mcdrop75_10_no_retrain_c7s1_0_1_0_6,0.040250882584756995,0.20271639842089387,0.18896833036823438,0.4588846544032886,0.43890752449759374,0.269553066244454,31744,123092,5037,0.13673241735552683,0.8804946045782124,0.274971647723587,0.4962146924449442,0.6703011263010763
