,PDQ,avg_pPDQ,avg_spatial,avg_fg,avg_bg,avg_label,TP,FP,FN,mAP,moLRP,moLRPLoc,moLRPFP,moLRPFN
coco_mcdrop75_10_no_retrain_c5s4_0_1_0_6,0.0409097714523219,0.15721268087027607,0.15741963838592027,0.399478972260365,0.41144336837744544,0.20932380276400755,22879,51141,13902,0.06023113568964004,0.9388036401588836,0.28451408795046235,0.6278092363348117,0.8240432350073265
