,PDQ,avg_pPDQ,avg_spatial,avg_fg,avg_bg,avg_label,TP,FP,FN,mAP,moLRP,moLRPLoc,moLRPFP,moLRPFN
coco_mcdrop75_10_c6s4_0_5_0_6,0.018889932304547365,0.3293174566244179,0.25808811308640356,0.6955374636177747,0.4563927690937834,0.6081367868016351,2120,178,34661,0.018029755369110893,,,,
