,PDQ,avg_pPDQ,avg_spatial,avg_fg,avg_bg,avg_label,TP,FP,FN,mAP,moLRP,moLRPLoc,moLRPFP,moLRPFN
coco_mcdrop50_10_no_retrain_c12s4_0_5_0_6,0.09194144118656648,0.4614187827416475,0.3653677270976249,0.6606171061422409,0.6041747232157579,0.6565929988642124,7413,422,29368,0.07555727898226462,,,,
