,PDQ,avg_pPDQ,avg_spatial,avg_fg,avg_bg,avg_label,TP,FP,FN,mAP,moLRP,moLRPLoc,moLRPFP,moLRPFN
coco_mcdrop01_10_no_retrain_c9s3_0_5_0_6,0.14098495192902974,0.44801103427622185,0.38481821242908787,0.7842242393212228,0.5300069544033913,0.7177476938922308,12030,1447,24751,0.22272852344849894,0.7788904970117512,0.14246105630949907,0.14297909861243566,0.6845111930438078
