,PDQ,avg_pPDQ,avg_spatial,avg_fg,avg_bg,avg_label,TP,FP,FN,mAP,moLRP,moLRPLoc,moLRPFP,moLRPFN
coco_mcdrop10_10_no_retrain_c9s5_0_5_0_6,0.1739831330982778,0.561288347191744,0.5087843391218273,0.7720856235226966,0.6973757421673034,0.7046146609385298,11667,858,25114,0.20014893945911102,0.8010708063327566,0.1505722127983842,0.14681088913858106,0.7096402043427131
