,PDQ,avg_pPDQ,avg_spatial,avg_fg,avg_bg,avg_label,TP,FP,FN,mAP,moLRP,moLRPLoc,moLRPFP,moLRPFN
coco_mcdrop25_10_no_retrain_c3s2_0_5_0_6,0.14867304141239931,0.5301162918106246,0.4558533334425809,0.7197904385916967,0.6826988944431127,0.6934082832708458,10510,694,26271,0.15911461836852506,0.8399603679102683,0.16874244701226898,0.17017042616860992,0.7562514637552702
