,PDQ,avg_pPDQ,avg_spatial,avg_fg,avg_bg,avg_label,TP,FP,FN,mAP,moLRP,moLRPLoc,moLRPFP,moLRPFN
coco_mcdrop75_10_no_retrain_c10s1_0_1_0_6,0.04409843997641397,0.21886272366213075,0.19516683191870715,0.4745562176042998,0.443674564004275,0.2972056988204206,33531,129635,3250,0.17539636043231857,0.8538593285842409,0.26788859662769965,0.45217654164730414,0.6050398827246538
