,PDQ,avg_pPDQ,avg_spatial,avg_fg,avg_bg,avg_label,TP,FP,FN,mAP,moLRP,moLRPLoc,moLRPFP,moLRPFN
coco_mcdrop20_10_no_retrain_c14s5_0_5_0_6,0.06215308554695645,0.5258987304558096,0.486770842719649,0.7216310131509057,0.7157724617144673,0.6537143302344406,4385,322,32396,0.060587004951914485,,,,
