,PDQ,avg_pPDQ,avg_spatial,avg_fg,avg_bg,avg_label,TP,FP,FN,mAP,moLRP,moLRPLoc,moLRPFP,moLRPFN
coco_mcdrop05_10_no_retrain_c7s1_0_5_0_6,0.15727859229835647,0.5284040725786322,0.4786082109203976,0.7743637877831966,0.6597477008429363,0.7016410644192989,11252,1022,25529,0.1830516002346734,0.8178139454739302,0.15075989077590957,0.1667428518955637,0.7316333340896334
