,PDQ,avg_pPDQ,avg_spatial,avg_fg,avg_bg,avg_label,TP,FP,FN,mAP,moLRP,moLRPLoc,moLRPFP,moLRPFN
coco_mcdrop25_10_c1s3_0_1_0_6,0.12367307790157792,0.3434288903600457,0.36392423682417174,0.6885450024865767,0.5749439375649039,0.45054129324404485,17011,10457,19770,0.18507782302456954,,,,
