,PDQ,avg_pPDQ,avg_spatial,avg_fg,avg_bg,avg_label,TP,FP,FN,mAP,moLRP,moLRPLoc,moLRPFP,moLRPFN
coco_mcdrop05_10_no_retrain_c0s3_0_5_0_6,0.1127164280166692,0.5220389202253688,0.481731288086295,0.7627261900978334,0.6714903994509726,0.6880552947764074,8099,729,28682,0.1279174498761977,0.872067465548767,0.15332072461693638,0.19482437188577537,0.8124352776920933
