,PDQ,avg_pPDQ,avg_spatial,avg_fg,avg_bg,avg_label,TP,FP,FN,mAP,moLRP,moLRPLoc,moLRPFP,moLRPFN
coco_mcdrop20_10_no_retrain_c7s2_0_5_0_6,0.12537442860930315,0.5369061787950515,0.48104394266821626,0.7543785818303046,0.6775981983437531,0.6813318947698118,8721,566,28060,0.12096300928241892,0.8790997880934721,0.16475218540979228,0.16054724536945555,0.8143775070353236
