,PDQ,avg_pPDQ,avg_spatial,avg_fg,avg_bg,avg_label,TP,FP,FN,mAP,moLRP,moLRPLoc,moLRPFP,moLRPFN
coco_mcdrop25_10_c10s4_0_1_0_6,0.1627713455705128,0.37741039020108774,0.37815281990635125,0.7333905682867632,0.5598533799783811,0.49606966548445397,23116,16817,13665,0.3018888553986053,,,,
