,PDQ,avg_pPDQ,avg_spatial,avg_fg,avg_bg,avg_label,TP,FP,FN,mAP,moLRP,moLRPLoc,moLRPFP,moLRPFN
coco_mcdrop05_10_no_retrain_c3s3_0_5_0_6,0.1066742653698709,0.4999474336195385,0.4482732453056485,0.7425606578610798,0.6533015699034949,0.6890749598653173,8014,778,28767,0.11978231527278524,0.8790813918490713,0.16425271096068958,0.20886719728994543,0.8182274964690031
