,PDQ,avg_pPDQ,avg_spatial,avg_fg,avg_bg,avg_label,TP,FP,FN,mAP,moLRP,moLRPLoc,moLRPFP,moLRPFN
coco_mcdrop01_10_no_retrain_c12s3_0_5_0_6,0.09744486615181094,0.39832432407338414,0.3375859027949349,0.7685106573371502,0.4831845812036511,0.7008314054961929,9317,1304,27464,0.14048610658126323,,,,
