,PDQ,avg_pPDQ,avg_spatial,avg_fg,avg_bg,avg_label,TP,FP,FN,mAP,moLRP,moLRPLoc,moLRPFP,moLRPFN
coco_mcdrop15_10_no_retrain_c13s5_0_5_0_6,0.049221054639196266,0.538667190631677,0.5350338644506379,0.6903651431224912,0.8106017927604775,0.6407187498253617,3383,242,33398,0.05758308104431175,,,,
