,PDQ,avg_pPDQ,avg_spatial,avg_fg,avg_bg,avg_label,TP,FP,FN,mAP,moLRP,moLRPLoc,moLRPFP,moLRPFN
coco_mcdrop01_10_no_retrain_c6s3_0_5_0_6,0.02027739732573282,0.24406905384290786,0.18332108323536223,0.6961821333756523,0.3409514925971864,0.6515806577319191,3150,1134,33631,0.03877231648211578,,,,
