,PDQ,avg_pPDQ,avg_spatial,avg_fg,avg_bg,avg_label,TP,FP,FN,mAP,moLRP,moLRPLoc,moLRPFP,moLRPFN
coco_mcdrop50_10_c6s2_0_1_0_6,0.05353521980997043,0.22351563863484408,0.21735748849366568,0.6405154026828888,0.42012219776628046,0.3977353556383279,10319,6302,26462,0.0798587699102988,0.916515529812979,0.2630939953987956,0.4956917903053971,0.8055487432187924
