,PDQ,avg_pPDQ,avg_spatial,avg_fg,avg_bg,avg_label,TP,FP,FN,mAP,moLRP,moLRPLoc,moLRPFP,moLRPFN
coco_mcdrop50_10_no_retrain_c0s3_0_5_0_6,0.09257207580269841,0.47705878642408484,0.3857440076444999,0.6576379417728376,0.6317476809330645,0.6570956919348996,7211,380,29570,0.0874850068840181,0.9108731888215719,0.1930702972775112,0.15670272134893798,0.8546204325874281
