,PDQ,avg_pPDQ,avg_spatial,avg_fg,avg_bg,avg_label,TP,FP,FN,mAP,moLRP,moLRPLoc,moLRPFP,moLRPFN
coco_mcdrop25_10_no_retrain_c10s5_0_1_0_6,0.1692405196822123,0.375439644857023,0.3688103111760605,0.6932798102987938,0.5765396299396689,0.46163357027225477,25703,20238,11078,0.2783807103689732,0.7530168304096817,0.19100108658500756,0.3088192917671915,0.5423369518412668
