,PDQ,avg_pPDQ,avg_spatial,avg_fg,avg_bg,avg_label,TP,FP,FN,mAP,moLRP,moLRPLoc,moLRPFP,moLRPFN
coco_mcdrop25_10_c3s3_0_1_0_6,0.10931057191776572,0.3318990111643135,0.34415828789280806,0.6778308484434126,0.5605609985651326,0.4594276185990706,15099,9064,21682,0.16629144215979386,0.8411553289742247,0.1979629570000873,0.3992821829723127,0.7016046881831415
