,PDQ,avg_pPDQ,avg_spatial,avg_fg,avg_bg,avg_label,TP,FP,FN,mAP,moLRP,moLRPLoc,moLRPFP,moLRPFN
coco_mcdrop20_10_no_retrain_c1s1_0_5_0_6,0.17773389929445518,0.5500959990672266,0.48215129815269503,0.7448239102205438,0.6879974391742769,0.7007207204683181,12151,827,24630,0.19140283989696907,0.8077686841612701,0.16358994545504793,0.1588447416101945,0.7092266310751247
