,PDQ,avg_pPDQ,avg_spatial,avg_fg,avg_bg,avg_label,TP,FP,FN,mAP,moLRP,moLRPLoc,moLRPFP,moLRPFN
coco_mcdrop25_10_c8s1_0_5_0_6,0.16150194146667227,0.5315842231995894,0.4879658791290925,0.7986947488127527,0.6466323770339701,0.7032646767905882,11499,1068,25282,0.19638325349114807,0.8033282627502354,0.1513010491845204,0.14401622306615444,0.7134489423638252
