,PDQ,avg_pPDQ,avg_spatial,avg_fg,avg_bg,avg_label,TP,FP,FN,mAP,moLRP,moLRPLoc,moLRPFP,moLRPFN
coco_mcdrop01_10_no_retrain_c3s3_0_5_0_6,0.08123486610889573,0.39775152994727964,0.33609048947258463,0.7433792679326798,0.5044503005150448,0.6946006607069226,7735,1092,29046,0.12158511483900675,0.876585480107084,0.16049285522522194,0.2007246949886011,0.8161111233192824
