,PDQ,avg_pPDQ,avg_spatial,avg_fg,avg_bg,avg_label,TP,FP,FN,mAP,moLRP,moLRPLoc,moLRPFP,moLRPFN
coco_mcdrop05_10_no_retrain_c6s1_0_5_0_6,0.06411849614448277,0.36777899870883407,0.2856293804949245,0.7335630772406595,0.4683341523966291,0.6841904862067065,6555,818,30226,0.08869689992726176,0.9083938469598536,0.21590888475584902,0.220309119750125,0.8381514590801686
