,PDQ,avg_pPDQ,avg_spatial,avg_fg,avg_bg,avg_label,TP,FP,FN,mAP,moLRP,moLRPLoc,moLRPFP,moLRPFN
coco_mcdrop50_10_c13s1_0_1_0_6,0.18011192421374797,0.3984151006970112,0.4081771318665387,0.7317905948238764,0.6009283108503508,0.4838471511292933,24033,16381,12748,0.3085542315227617,0.7230455676503077,0.18161328466704071,0.27645432407880094,0.5109457800500762
