,PDQ,avg_pPDQ,avg_spatial,avg_fg,avg_bg,avg_label,TP,FP,FN,mAP,moLRP,moLRPLoc,moLRPFP,moLRPFN
coco_mcdrop20_10_no_retrain_c11s4_0_5_0_6,0.11419710904804341,0.5537218047339985,0.5037151830392469,0.7600874747993429,0.6988496787632104,0.68220904487387,7660,361,29121,0.1168567282278321,,,,
