,PDQ,avg_pPDQ,avg_spatial,avg_fg,avg_bg,avg_label,TP,FP,FN,mAP,moLRP,moLRPLoc,moLRPFP,moLRPFN
coco_mcdrop75_10_no_retrain_c6s3_0_5_0_6,0.018855435805047123,0.3287532154831762,0.21397468302548636,0.5243807619908741,0.4944751762892901,0.5988339530660751,2115,95,34666,0.01224727847262066,,,,
