,PDQ,avg_pPDQ,avg_spatial,avg_fg,avg_bg,avg_label,TP,FP,FN,mAP,moLRP,moLRPLoc,moLRPFP,moLRPFN
coco_mcdrop25_10_c2s3_0_5_0_6,0.10604236069908578,0.510546063039346,0.4790210617245845,0.7760265561627662,0.6530648085532037,0.6815164332570002,7781,681,29000,0.12111291732735634,,,,
