,PDQ,avg_pPDQ,avg_spatial,avg_fg,avg_bg,avg_label,TP,FP,FN,mAP,moLRP,moLRPLoc,moLRPFP,moLRPFN
coco_mcdrop75_10_c9s2_0_5_0_6,0.1384859399210617,0.5606172363931591,0.531741628102998,0.7766686408794394,0.7189286270546703,0.6578834162214356,9193,434,27588,0.1594916134421258,0.8405369414646323,0.15111862595617812,0.09918698683777268,0.7750450340859937
