,PDQ,avg_pPDQ,avg_spatial,avg_fg,avg_bg,avg_label,TP,FP,FN,mAP,moLRP,moLRPLoc,moLRPFP,moLRPFN
coco_mcdrop50_10_no_retrain_c10s4_0_1_0_6,0.11964993216965383,0.3103483700787127,0.28995418379715643,0.6130424923280025,0.5090864905207573,0.39882068329624204,29402,39482,7379,0.2505309596428844,0.7831440932128684,0.22071797813878097,0.337421719935477,0.5475330274760586
