,PDQ,avg_pPDQ,avg_spatial,avg_fg,avg_bg,avg_label,TP,FP,FN,mAP,moLRP,moLRPLoc,moLRPFP,moLRPFN
coco_mcdrop50_10_no_retrain_c1s2_0_1_0_6,0.12066082050651114,0.2999252500419953,0.28920603224044256,0.5975811959533561,0.5174915186258676,0.37856099999611176,25784,27310,10997,0.20066122788341784,,,,
