,PDQ,avg_pPDQ,avg_spatial,avg_fg,avg_bg,avg_label,TP,FP,FN,mAP,moLRP,moLRPLoc,moLRPFP,moLRPFN
coco_mcdrop75_10_no_retrain_c11s1_0_5_0_6,0.0716487737025951,0.3779803108577187,0.26396397000508953,0.5245121944542472,0.5508025321977358,0.6123263063667513,7050,411,29731,0.06795494259777644,,,,
