,PDQ,avg_pPDQ,avg_spatial,avg_fg,avg_bg,avg_label,TP,FP,FN,mAP,moLRP,moLRPLoc,moLRPFP,moLRPFN
coco_mcdrop05_10_no_retrain_c8s4_0_5_0_6,0.1190420136829937,0.5286882507142394,0.4831752809750008,0.7745626523634933,0.6642181427382111,0.6954019888546445,8434,676,28347,0.12938251886398308,0.8708148294155365,0.15244594078718415,0.15231585023083982,0.8105304150422861
