,PDQ,avg_pPDQ,avg_spatial,avg_fg,avg_bg,avg_label,TP,FP,FN,mAP,moLRP,moLRPLoc,moLRPFP,moLRPFN
coco_mcdrop50_10_c9s1_0_1_0_6,0.1794047871115891,0.39401100307797726,0.4040153927868772,0.7401954759199328,0.5891284243195141,0.4792124263345197,23286,14360,13495,0.3026754798022303,0.7271131180345554,0.1818437872836288,0.27877840864243725,0.5175454795493332
