,PDQ,avg_pPDQ,avg_spatial,avg_fg,avg_bg,avg_label,TP,FP,FN,mAP,moLRP,moLRPLoc,moLRPFP,moLRPFN
coco_mcdrop50_10_no_retrain_c12s3_0_5_0_6,0.10688281658761925,0.4674979976732417,0.36915141494287274,0.6591109413500339,0.6085996401084991,0.66218974460067,8531,533,28250,0.0945757590392843,,,,
