,PDQ,avg_pPDQ,avg_spatial,avg_fg,avg_bg,avg_label,TP,FP,FN,mAP,moLRP,moLRPLoc,moLRPFP,moLRPFN
coco_mcdrop15_10_no_retrain_c0s1_0_5_0_6,0.17810173959783704,0.5546702213452935,0.494525038407528,0.7597110938611924,0.6907585736294826,0.7018103859650295,12095,887,24686,0.19914535244358023,0.8003028350934063,0.15715553511163888,0.15494588227229378,0.7029228307130803
