,PDQ,avg_pPDQ,avg_spatial,avg_fg,avg_bg,avg_label,TP,FP,FN,mAP,moLRP,moLRPLoc,moLRPFP,moLRPFN
coco_mcdrop15_10_no_retrain_c8s5_0_5_0_6,0.10878990588130397,0.5414476088540952,0.4941653499295326,0.7663644842882178,0.6833233297676115,0.6824394970323364,7479,442,29302,0.10328221052029847,0.8969245445332795,0.16280086598022234,0.16860483351448344,0.8440300571645437
