,PDQ,avg_pPDQ,avg_spatial,avg_fg,avg_bg,avg_label,TP,FP,FN,mAP,moLRP,moLRPLoc,moLRPFP,moLRPFN
coco_mcdrop05_10_no_retrain_c7s3_0_5_0_6,0.11547696800302443,0.5022032701690633,0.45827514420580373,0.759766666020008,0.6476291860663833,0.6794523904645109,8646,820,28135,0.12159456431760993,0.8778718826141164,0.15590489430638313,0.19873087934207445,0.8157627962577202
