,PDQ,avg_pPDQ,avg_spatial,avg_fg,avg_bg,avg_label,TP,FP,FN,mAP,moLRP,moLRPLoc,moLRPFP,moLRPFN
coco_mcdrop75_10_no_retrain_c8s5_0_1_0_6,0.04302893510697582,0.18129270371293535,0.1760398545653144,0.43511278237147716,0.41993478004926044,0.23914856070334478,26623,75389,10158,0.08985667075001046,,,,
