,PDQ,avg_pPDQ,avg_spatial,avg_fg,avg_bg,avg_label,TP,FP,FN,mAP,moLRP,moLRPLoc,moLRPFP,moLRPFN
coco_mcdrop01_10_no_retrain_c0s3_0_5_0_6,0.08739318099481189,0.41359892019363986,0.3614803569304898,0.7445912129980707,0.529993688723673,0.6882223289015901,7970,938,28811,0.12854696097053786,0.8709255569165851,0.15213084600150395,0.20340658461679875,0.810576011217595
