,PDQ,avg_pPDQ,avg_spatial,avg_fg,avg_bg,avg_label,TP,FP,FN,mAP,moLRP,moLRPLoc,moLRPFP,moLRPFN
coco_mcdrop75_10_c8s3_0_1_0_6,0.1283955094563953,0.3432866140654792,0.385244246114137,0.7120038621641592,0.5850505241928661,0.38800471936362046,16670,7789,20111,0.16781538312420577,0.8404069827355898,0.20624883658859225,0.35416795173605337,0.6956052706118988
