,PDQ,avg_pPDQ,avg_spatial,avg_fg,avg_bg,avg_label,TP,FP,FN,mAP,moLRP,moLRPLoc,moLRPFP,moLRPFN
coco_mcdrop15_10_no_retrain_c9s1_0_5_0_6,0.19541097670753269,0.5600742701426906,0.49698178931086373,0.7612304880253365,0.6919521151841728,0.7071664025635093,13170,966,23611,0.22420482269770217,0.7768920683545977,0.1533059983259957,0.14650447255392854,0.6725251005852254
