,PDQ,avg_pPDQ,avg_spatial,avg_fg,avg_bg,avg_label,TP,FP,FN,mAP,moLRP,moLRPLoc,moLRPFP,moLRPFN
coco_mcdrop25_10_no_retrain_c3s2_0_1_0_6,0.15781006712443568,0.36609870540412726,0.36237281942211563,0.6803927656938977,0.581466972251066,0.4532188824665065,22009,14277,14772,0.23031922838614827,0.7898667222686392,0.19740336414473406,0.36011014010819037,0.5995997574818391
