,PDQ,avg_pPDQ,avg_spatial,avg_fg,avg_bg,avg_label,TP,FP,FN,mAP,moLRP,moLRPLoc,moLRPFP,moLRPFN
coco_mcdrop20_10_no_retrain_c1s2_0_5_0_6,0.15341617114235148,0.5476537612506971,0.48357668348859073,0.7420548805914597,0.6925867423976232,0.6947771150474268,10491,669,26290,0.16043674029998298,,,,
