,PDQ,avg_pPDQ,avg_spatial,avg_fg,avg_bg,avg_label,TP,FP,FN,mAP,moLRP,moLRPLoc,moLRPFP,moLRPFN
coco_mcdrop25_10_no_retrain_c7s4_0_1_0_6,0.10920657826329291,0.31177993624389905,0.33671501654227864,0.6456505032173614,0.5700959537167798,0.3764280615637659,18484,15990,18297,0.12692067725197584,0.8767387774110592,0.20924845732000316,0.4711722901410927,0.7515818524924558
