,PDQ,avg_pPDQ,avg_spatial,avg_fg,avg_bg,avg_label,TP,FP,FN,mAP,moLRP,moLRPLoc,moLRPFP,moLRPFN
coco_mcdrop10_10_no_retrain_c2s4_0_5_0_6,0.07517422918552946,0.5170520153736416,0.4873290184860483,0.7371295974572676,0.7036826816846596,0.6609405474427534,5412,443,31369,0.07041456358270758,,,,
