,PDQ,avg_pPDQ,avg_spatial,avg_fg,avg_bg,avg_label,TP,FP,FN,mAP,moLRP,moLRPLoc,moLRPFP,moLRPFN
coco_mcdrop01_10_no_retrain_c13s2_0_5_0_6,0.15524315664895005,0.4524893156522777,0.38705841383720585,0.7632046771152251,0.5483347176063372,0.7221519328156957,13226,1769,23555,0.2436074833141431,0.7586295861304845,0.14547417820894412,0.15921013570198556,0.6501972438038526
