,PDQ,avg_pPDQ,avg_spatial,avg_fg,avg_bg,avg_label,TP,FP,FN,mAP,moLRP,moLRPLoc,moLRPFP,moLRPFN
coco_mcdrop50_10_no_retrain_c2s3_0_5_0_6,0.09391649401224128,0.475841009932014,0.38799449985018863,0.6550166147399838,0.6350809347486587,0.6534565224102323,7338,398,29443,0.08733076233759406,0.9106034623873198,0.19353817390127634,0.1815183133594114,0.8541719189365857
