,PDQ,avg_pPDQ,avg_spatial,avg_fg,avg_bg,avg_label,TP,FP,FN,mAP,moLRP,moLRPLoc,moLRPFP,moLRPFN
coco_mcdrop50_10_no_retrain_c10s4_0_5_0_6,0.14504438875542564,0.4733180127406788,0.3718747566846956,0.6533625989784301,0.616533419628271,0.6670145252607743,11498,740,25283,0.1565817092778978,0.8404070676104697,0.188666196194291,0.15429553882491434,0.7402189058929265
