,PDQ,avg_pPDQ,avg_spatial,avg_fg,avg_bg,avg_label,TP,FP,FN,mAP,moLRP,moLRPLoc,moLRPFP,moLRPFN
coco_mcdrop50_10_no_retrain_c12s5_0_1_0_6,0.0856061594456915,0.2551611467127887,0.2609025691779509,0.5814473626759279,0.48778564136704894,0.3279501987966524,18905,19568,17876,0.09717053793359266,0.9086033212343201,0.24295147487609264,0.500668987889709,0.7934229036015076
