,PDQ,avg_pPDQ,avg_spatial,avg_fg,avg_bg,avg_label,TP,FP,FN,mAP,moLRP,moLRPLoc,moLRPFP,moLRPFN
coco_mcdrop15_10_no_retrain_c3s2_0_5_0_6,0.15448889205356664,0.5415681934301114,0.4796964071569465,0.7404228072177558,0.6933667950141125,0.6979661877227552,10725,816,26056,0.16886550170869483,0.8302637932118678,0.1622871451350608,0.17590752804111007,0.745215478005667
