,PDQ,avg_pPDQ,avg_spatial,avg_fg,avg_bg,avg_label,TP,FP,FN,mAP,moLRP,moLRPLoc,moLRPFP,moLRPFN
coco_mcdrop75_10_no_retrain_c11s4_0_1_0_6,0.04666630847810673,0.18865047407223803,0.18365250951700535,0.44514520699379,0.4279119461059642,0.24441731104344624,26586,70694,10195,0.10765016091301166,,,,
