,PDQ,avg_pPDQ,avg_spatial,avg_fg,avg_bg,avg_label,TP,FP,FN,mAP,moLRP,moLRPLoc,moLRPFP,moLRPFN
coco_mcdrop01_10_no_retrain_c10s4_0_5_0_6,0.1439422391376133,0.4330528587121522,0.36673644448247095,0.7766403737348405,0.5151185047052621,0.717676242563679,12796,1716,23985,0.2322371116367248,0.7704848494666321,0.14620116885405673,0.16384602504641668,0.6669260257999462
