,PDQ,avg_pPDQ,avg_spatial,avg_fg,avg_bg,avg_label,TP,FP,FN,mAP,moLRP,moLRPLoc,moLRPFP,moLRPFN
coco_mcdrop25_10_no_retrain_c6s4_0_1_0_6,0.04308684329011755,0.19687358523545898,0.1889239930674074,0.5315315705767721,0.46215260234013006,0.32080189705077394,9151,5032,27630,0.04176832716869399,,,,
