,PDQ,avg_pPDQ,avg_spatial,avg_fg,avg_bg,avg_label,TP,FP,FN,mAP,moLRP,moLRPLoc,moLRPFP,moLRPFN
coco_mcdrop75_10_no_retrain_c12s3_0_5_0_6,0.055200659835957455,0.3718681111526143,0.2588716665651318,0.5273785654299922,0.535373668056218,0.6089495985131514,5510,338,31271,0.04120183138460894,,,,
