,PDQ,avg_pPDQ,avg_spatial,avg_fg,avg_bg,avg_label,TP,FP,FN,mAP,moLRP,moLRPLoc,moLRPFP,moLRPFN
coco_mcdrop25_10_no_retrain_c1s2_0_1_0_6,0.1610037904729158,0.36795587547722913,0.36961272893855046,0.678887595081022,0.5878217346160932,0.44598217793300626,22657,14999,14124,0.22929770632363441,0.7906546934565026,0.1995153064500346,0.34689704897592316,0.6013175968947153
