,PDQ,avg_pPDQ,avg_spatial,avg_fg,avg_bg,avg_label,TP,FP,FN,mAP,moLRP,moLRPLoc,moLRPFP,moLRPFN
coco_mcdrop15_10_no_retrain_c13s1_0_5_0_6,0.20400537506603938,0.5602429849760873,0.49638024289070604,0.7542278811688375,0.6980820783370048,0.7097859204259981,13811,1147,22970,0.2328944611493747,0.7679708930719242,0.155380489510785,0.15405363293171695,0.6549923541468111
