,PDQ,avg_pPDQ,avg_spatial,avg_fg,avg_bg,avg_label,TP,FP,FN,mAP,moLRP,moLRPLoc,moLRPFP,moLRPFN
coco_mcdrop15_10_no_retrain_c12s5_0_5_0_6,0.09112922238203658,0.5005990724715533,0.4505667186342592,0.7411819594696676,0.6557175484989435,0.661804469360822,6779,458,30002,0.07618177842477579,,,,
