,PDQ,avg_pPDQ,avg_spatial,avg_fg,avg_bg,avg_label,TP,FP,FN,mAP,moLRP,moLRPLoc,moLRPFP,moLRPFN
coco_mcdrop75_10_no_retrain_c0s5_0_1_0_6,0.03162219009715273,0.1387326961133424,0.15702585264213123,0.38098149465280823,0.42088576736639755,0.1745365749953516,17508,40030,19273,0.03340240811391135,0.9634137290997122,0.2871085426076995,0.7115495278757623,0.8950768125781199
