,PDQ,avg_pPDQ,avg_spatial,avg_fg,avg_bg,avg_label,TP,FP,FN,mAP,moLRP,moLRPLoc,moLRPFP,moLRPFN
coco_mcdrop25_10_c3s5_0_1_0_6,0.05928853670188809,0.26940094756231375,0.3023414141318506,0.6425392738099858,0.5352613837874126,0.38334538355277703,9158,4832,27623,0.07191786123956206,0.9231609101831795,0.2201045410423688,0.5221880721620846,0.8477487201968312
