,PDQ,avg_pPDQ,avg_spatial,avg_fg,avg_bg,avg_label,TP,FP,FN,mAP,moLRP,moLRPLoc,moLRPFP,moLRPFN
coco_mcdrop25_10_no_retrain_c1s5_0_1_0_6,0.0770701114769789,0.28372788668950455,0.33512358629336164,0.6146354434492626,0.596682276623434,0.3309743071698432,11812,6704,24969,0.06942858631392534,,,,
