,PDQ,avg_pPDQ,avg_spatial,avg_fg,avg_bg,avg_label,TP,FP,FN,mAP,moLRP,moLRPLoc,moLRPFP,moLRPFN
coco_mcdrop05_10_no_retrain_c12s1_0_5_0_6,0.17659217935922705,0.5303897053671229,0.4721045295632623,0.7781656127789933,0.6481531619828081,0.7121109431233219,12672,1279,24109,0.2097519099102438,,,,
