,PDQ,avg_pPDQ,avg_spatial,avg_fg,avg_bg,avg_label,TP,FP,FN,mAP,moLRP,moLRPLoc,moLRPFP,moLRPFN
coco_mcdrop25_10_c14s1_0_1_0_6,0.15226667501628774,0.3646815668659325,0.369171009656868,0.7028300462757396,0.5734975188782657,0.4802727687065719,22204,16398,14577,0.2819359167433157,0.7464940333173764,0.1839988531689636,0.3017032068962421,0.5457447713476465
