,PDQ,avg_pPDQ,avg_spatial,avg_fg,avg_bg,avg_label,TP,FP,FN,mAP,moLRP,moLRPLoc,moLRPFP,moLRPFN
coco_mcdrop75_10_no_retrain_c3s2_0_1_0_6,0.048595881845201576,0.20126071030452278,0.18552821856383614,0.4562572151811708,0.4306991622025937,0.2712426503483663,30399,89117,6382,0.13548032820928904,,,,
