,PDQ,avg_pPDQ,avg_spatial,avg_fg,avg_bg,avg_label,TP,FP,FN,mAP,moLRP,moLRPLoc,moLRPFP,moLRPFN
coco_mcdrop25_10_c2s4_0_1_0_6,0.08214910842789723,0.294514823987959,0.33457937477823085,0.6500537963662677,0.5690386651342206,0.3911422088773107,12558,8241,24223,0.10933499342480137,,,,
