,PDQ,avg_pPDQ,avg_spatial,avg_fg,avg_bg,avg_label,TP,FP,FN,mAP,moLRP,moLRPLoc,moLRPFP,moLRPFN
coco_mcdrop20_10_no_retrain_c0s4_0_5_0_6,0.07835323394638469,0.5205514136495232,0.47712842124732535,0.7246450171274448,0.6999091137073974,0.661841569187816,5590,357,31191,0.07196711808107026,,,,
