,PDQ,avg_pPDQ,avg_spatial,avg_fg,avg_bg,avg_label,TP,FP,FN,mAP,moLRP,moLRPLoc,moLRPFP,moLRPFN
coco_mcdrop05_10_no_retrain_c1s3_0_5_0_6,0.12003226235114431,0.5207970073486491,0.4773447989590117,0.753275466123849,0.6752027867707715,0.6906905443769028,8645,728,28136,0.13042466737227168,0.8689669953640575,0.15979153400178628,0.17363084883135277,0.8041796638026885
