,PDQ,avg_pPDQ,avg_spatial,avg_fg,avg_bg,avg_label,TP,FP,FN,mAP,moLRP,moLRPLoc,moLRPFP,moLRPFN
coco_mcdrop25_10_no_retrain_0_1_0_6,0.17728624228775733,0.38822389273851826,0.3727090723676659,0.7036406827043031,0.5731734124837667,0.48176346281165183,27901,24317,8880,0.3167429911749818,,,,
