,PDQ,avg_pPDQ,avg_spatial,avg_fg,avg_bg,avg_label,TP,FP,FN,mAP,moLRP,moLRPLoc,moLRPFP,moLRPFN
coco_mcdrop20_10_no_retrain_c0s1_0_5_0_6,0.17542913042571998,0.5479645656948968,0.48001610135663597,0.7452616265233379,0.685688389507623,0.6994337679114634,12034,808,24747,0.19347673204412388,0.8051610539273278,0.1611881968732546,0.15082300772328847,0.7066675683545863
