,PDQ,avg_pPDQ,avg_spatial,avg_fg,avg_bg,avg_label,TP,FP,FN,mAP,moLRP,moLRPLoc,moLRPFP,moLRPFN
coco_mcdrop01_10_no_retrain_c7s5_0_5_0_6,0.07277519376312316,0.39212717633874844,0.3360180668633978,0.7357136669849086,0.5019270110886546,0.6786032312341138,6999,931,29782,0.09570478976951304,,,,
