,PDQ,avg_pPDQ,avg_spatial,avg_fg,avg_bg,avg_label,TP,FP,FN,mAP,moLRP,moLRPLoc,moLRPFP,moLRPFN
coco_mcdrop50_10_c3s5_0_5_0_6,0.04476302746659462,0.4603098240203974,0.43010215588459155,0.7270575094216415,0.6443496710907858,0.6389150458105123,3608,321,33173,0.04089618631468368,,,,
