,PDQ,avg_pPDQ,avg_spatial,avg_fg,avg_bg,avg_label,TP,FP,FN,mAP,moLRP,moLRPLoc,moLRPFP,moLRPFN
coco_mcdrop50_10_no_retrain_c11s4_0_5_0_6,0.089927917145741,0.48865097802224666,0.3998632150527547,0.6746201222461263,0.6354821669340588,0.6575085480809824,6821,283,29960,0.08600884850556517,,,,
