,PDQ,avg_pPDQ,avg_spatial,avg_fg,avg_bg,avg_label,TP,FP,FN,mAP,moLRP,moLRPLoc,moLRPFP,moLRPFN
coco_mcdrop25_10_no_retrain_c6s5_0_5_0_6,0.019110695060357258,0.3181788752552412,0.22457519397709833,0.5867685493935555,0.5083676987754928,0.6142693110169295,2221,197,34560,0.017403173373973492,,,,
