,PDQ,avg_pPDQ,avg_spatial,avg_fg,avg_bg,avg_label,TP,FP,FN,mAP,moLRP,moLRPLoc,moLRPFP,moLRPFN
coco_mcdrop50_10_c13s4_0_5_0_6,0.09164681428696547,0.560591871424467,0.5503811823585887,0.7246399829809558,0.7900083316697015,0.6699931146186076,6075,379,30706,0.09654368388075314,,,,
