,PDQ,avg_pPDQ,avg_spatial,avg_fg,avg_bg,avg_label,TP,FP,FN,mAP,moLRP,moLRPLoc,moLRPFP,moLRPFN
coco_mcdrop75_10_c7s5_0_1_0_6,0.10240892787021916,0.3093346627448297,0.35420477075664164,0.685496540335844,0.5671340171642238,0.36005451084251827,15061,8712,21720,0.11580891115257891,0.8861174467254915,0.21705554917014644,0.4130317561074094,0.7752975239022771
