,PDQ,avg_pPDQ,avg_spatial,avg_fg,avg_bg,avg_label,TP,FP,FN,mAP,moLRP,moLRPLoc,moLRPFP,moLRPFN
coco_mcdrop50_10_no_retrain_c6s5_0_1_0_6,0.036718109765211185,0.16553112243559967,0.16498957677961862,0.45711181748969515,0.4554023238790394,0.2546047804819522,9436,5758,27345,0.029015346733058514,0.965574693198634,0.30868705705714444,0.6523964255763605,0.8941192276442067
