,PDQ,avg_pPDQ,avg_spatial,avg_fg,avg_bg,avg_label,TP,FP,FN,mAP,moLRP,moLRPLoc,moLRPFP,moLRPFN
coco_mcdrop50_10_no_retrain_c7s5_0_1_0_6,0.09182459211479772,0.26332358922882765,0.26941006028539993,0.5815802491105279,0.497193619999215,0.3295374809963337,21569,25072,15212,0.11807641584549583,0.8879791458883147,0.24162227251596052,0.4923230404996251,0.7470231918344916
