,PDQ,avg_pPDQ,avg_spatial,avg_fg,avg_bg,avg_label,TP,FP,FN,mAP,moLRP,moLRPLoc,moLRPFP,moLRPFN
coco_mcdrop01_10_no_retrain_c2s4_0_5_0_6,0.05614728155738274,0.3967014883659617,0.3473888432162097,0.7135649418687138,0.5354407037571128,0.6670611738237835,5308,722,31473,0.07425175487331356,,,,
