,PDQ,avg_pPDQ,avg_spatial,avg_fg,avg_bg,avg_label,TP,FP,FN,mAP,moLRP,moLRPLoc,moLRPFP,moLRPFN
coco_mcdrop50_10_no_retrain_c5s2_0_1_0_6,0.11800078408208342,0.29411139711693124,0.27799370884301866,0.5983865099372182,0.5057678471647894,0.3814401597270041,25109,25802,11672,0.19397797526626426,0.8260175450816082,0.23420393815426047,0.37889712913380025,0.6233444752303356
