,PDQ,avg_pPDQ,avg_spatial,avg_fg,avg_bg,avg_label,TP,FP,FN,mAP,moLRP,moLRPLoc,moLRPFP,moLRPFN
coco_mcdrop50_10_c8s1_0_5_0_6,0.16039702967167827,0.5509308386284467,0.5132413673074279,0.7898778010448909,0.6835672363516403,0.6910083441592787,10950,830,25831,0.185268105601246,0.814408356768879,0.1514699346887519,0.14012761180900768,0.7315819087598663
