,PDQ,avg_pPDQ,avg_spatial,avg_fg,avg_bg,avg_label,TP,FP,FN,mAP,moLRP,moLRPLoc,moLRPFP,moLRPFN
coco_mcdrop10_10_no_retrain_c13s5_0_5_0_6,0.04922955675687924,0.5428881337863415,0.5434583531990403,0.6941340132531896,0.8187111628023632,0.6459044037599158,3359,261,33422,0.0580415273787218,,,,
