,PDQ,avg_pPDQ,avg_spatial,avg_fg,avg_bg,avg_label,TP,FP,FN,mAP,moLRP,moLRPLoc,moLRPFP,moLRPFN
coco_mcdrop05_10_no_retrain_c0s5_0_5_0_6,0.03503142081615422,0.46256945193068594,0.4458259456178062,0.7145982516924201,0.6710757193954242,0.6304317213106699,2808,297,33973,0.0313313431719741,,,,
