,PDQ,avg_pPDQ,avg_spatial,avg_fg,avg_bg,avg_label,TP,FP,FN,mAP,moLRP,moLRPLoc,moLRPFP,moLRPFN
coco_mcdrop15_10_no_retrain_c2s1_0_5_0_6,0.16322757130674126,0.5555739633826046,0.49747189455366625,0.7562655535969502,0.6971007051075749,0.7001013500612074,11041,799,25740,0.18281668197082204,0.8169048544533879,0.1581498403477301,0.1702980967449222,0.7277954655165637
