,PDQ,avg_pPDQ,avg_spatial,avg_fg,avg_bg,avg_label,TP,FP,FN,mAP,moLRP,moLRPLoc,moLRPFP,moLRPFN
coco_mcdrop25_10_c7s5_0_1_0_6,0.09780482158408553,0.3086017084611884,0.33174587934974364,0.6698347978329132,0.551277340402023,0.4160704426369539,15224,11255,21557,0.13145896061002021,0.8723121466768987,0.20090447572529177,0.42857588512845496,0.761066966091545
