,PDQ,avg_pPDQ,avg_spatial,avg_fg,avg_bg,avg_label,TP,FP,FN,mAP,moLRP,moLRPLoc,moLRPFP,moLRPFN
coco_mcdrop25_10_no_retrain_c6s3_0_1_0_6,0.05572726490635411,0.22021531005577866,0.20819917954789177,0.5622588862438533,0.465770963382879,0.3471816021778583,10861,6138,25920,0.059758601303569886,0.9352497364328766,0.27906007036522607,0.5418587563867848,0.8319365684709019
