,PDQ,avg_pPDQ,avg_spatial,avg_fg,avg_bg,avg_label,TP,FP,FN,mAP,moLRP,moLRPLoc,moLRPFP,moLRPFN
coco_mcdrop50_10_no_retrain_c2s4_0_5_0_6,0.06155185497372308,0.4668733425926967,0.38792916529002736,0.6517269617587816,0.6419143975636021,0.6362934570454183,4880,234,31901,0.050809733683886776,,,,
