,PDQ,avg_pPDQ,avg_spatial,avg_fg,avg_bg,avg_label,TP,FP,FN,mAP,moLRP,moLRPLoc,moLRPFP,moLRPFN
coco_mcdrop75_10_c12s5_0_1_0_6,0.09617250595040704,0.3054481572978209,0.3487797651589549,0.6847796171779316,0.5570626549132175,0.3603220368745237,13667,6626,23114,0.10206877152867071,0.9013227982978474,0.21750658109077708,0.3827909299814394,0.8061441280721361
