,PDQ,avg_pPDQ,avg_spatial,avg_fg,avg_bg,avg_label,TP,FP,FN,mAP,moLRP,moLRPLoc,moLRPFP,moLRPFN
coco_mcdrop25_10_c7s3_0_1_0_6,0.11060491173018741,0.3212352454432903,0.33847563563082406,0.6842173621115819,0.5495463534705963,0.43495211708023157,17407,13775,19374,0.1686697893300124,0.8398466840564257,0.1999361250399305,0.4033379769372343,0.6962346538851614
