,PDQ,avg_pPDQ,avg_spatial,avg_fg,avg_bg,avg_label,TP,FP,FN,mAP,moLRP,moLRPLoc,moLRPFP,moLRPFN
coco_mcdrop25_10_no_retrain_c6s5_0_1_0_6,0.03617468913131187,0.18117773110701169,0.18063216437279678,0.4989173643896816,0.4696120967606895,0.29442048490621486,8203,4303,28578,0.03296331671609592,0.9615648638930396,0.2978055443606436,0.6117181274903631,0.8908239604871054
