,PDQ,avg_pPDQ,avg_spatial,avg_fg,avg_bg,avg_label,TP,FP,FN,mAP,moLRP,moLRPLoc,moLRPFP,moLRPFN
coco_mcdrop20_10_no_retrain_c8s5_0_5_0_6,0.10921876685975986,0.5353937362269636,0.48078043179641544,0.7518669531252313,0.6799686258886686,0.6778403835426151,7584,396,29197,0.10425055910259615,0.8966822346360152,0.16481210607476837,0.17193383582646846,0.8422667268094648
