,PDQ,avg_pPDQ,avg_spatial,avg_fg,avg_bg,avg_label,TP,FP,FN,mAP,moLRP,moLRPLoc,moLRPFP,moLRPFN
coco_mcdrop50_10_c9s1_0_5_0_6,0.1750781354989672,0.5597215182381126,0.5203414987306766,0.7919101069712067,0.6919744476697468,0.6947227308518265,11793,921,24988,0.20930753048815315,0.7902571257960421,0.14785895846655217,0.12378141651123961,0.7005652042067374
