,PDQ,avg_pPDQ,avg_spatial,avg_fg,avg_bg,avg_label,TP,FP,FN,mAP,moLRP,moLRPLoc,moLRPFP,moLRPFN
coco_mcdrop15_10_no_retrain_c6s5_0_5_0_6,0.018527280424291158,0.3101603982140594,0.22349005592978527,0.6024700900457308,0.4932740775442597,0.617507781655054,2214,283,34567,0.01773333916243999,,,,
