,PDQ,avg_pPDQ,avg_spatial,avg_fg,avg_bg,avg_label,TP,FP,FN,mAP,moLRP,moLRPLoc,moLRPFP,moLRPFN
coco_mcdrop25_10_no_retrain_c1s1_0_5_0_6,0.17340856371857866,0.5405344132180628,0.46587069019932514,0.7336736513403149,0.6771370620178591,0.6975218827971028,12048,774,24733,0.1880946391249694,0.8119221930400429,0.16710986928499358,0.15216738336412697,0.7134473922572058
