,PDQ,avg_pPDQ,avg_spatial,avg_fg,avg_bg,avg_label,TP,FP,FN,mAP,moLRP,moLRPLoc,moLRPFP,moLRPFN
coco_mcdrop75_10_no_retrain_c7s5_0_5_0_6,0.04155619357311127,0.3745017844198973,0.2652055225331658,0.5427986641749104,0.5314699951101017,0.6035416541523533,4105,213,32676,0.02839727402069201,,,,
