,PDQ,avg_pPDQ,avg_spatial,avg_fg,avg_bg,avg_label,TP,FP,FN,mAP,moLRP,moLRPLoc,moLRPFP,moLRPFN
coco_mcdrop25_10_no_retrain_c6s2_0_5_0_6,0.05111176002916195,0.39388869545847616,0.29591885227040493,0.6777041466771603,0.5271466512108404,0.6548142040095358,4813,310,31968,0.05029574497077389,,,,
