,PDQ,avg_pPDQ,avg_spatial,avg_fg,avg_bg,avg_label,TP,FP,FN,mAP,moLRP,moLRPLoc,moLRPFP,moLRPFN
coco_mcdrop20_10_no_retrain_c14s3_0_5_0_6,0.14042338307620358,0.545161128192645,0.48602719004714606,0.7349569601040841,0.70385642206154,0.6893351308048464,9632,613,27149,0.14814836002355178,0.8503649687950302,0.1699582600943398,0.157456796689253,0.7704841075184119
