,PDQ,avg_pPDQ,avg_spatial,avg_fg,avg_bg,avg_label,TP,FP,FN,mAP,moLRP,moLRPLoc,moLRPFP,moLRPFN
coco_mcdrop50_10_c7s1_0_1_0_6,0.1509766911377785,0.36802176576720746,0.3868578569757241,0.7211728425154381,0.5813169922313552,0.45233937961667847,21124,14711,15657,0.23738105296395542,0.782967566820273,0.18782775977548133,0.34030129918919944,0.6016616947422917
