,PDQ,avg_pPDQ,avg_spatial,avg_fg,avg_bg,avg_label,TP,FP,FN,mAP,moLRP,moLRPLoc,moLRPFP,moLRPFN
coco_mcdrop10_10_no_retrain_c10s5_0_5_0_6,0.1843761880769037,0.5521065232768481,0.49355656786511737,0.7651072459429323,0.685127380738577,0.7074534573017286,12628,1033,24153,0.21074525591122176,0.7902789596264428,0.15074988316315738,0.16090656929829705,0.6921462641150952
