,PDQ,avg_pPDQ,avg_spatial,avg_fg,avg_bg,avg_label,TP,FP,FN,mAP,moLRP,moLRPLoc,moLRPFP,moLRPFN
coco_mcdrop25_10_c10s2_0_1_0_6,0.16861716667919943,0.38349145830125736,0.38107131605841993,0.7391169760192836,0.5599880740420996,0.505105858007981,24073,17969,12708,0.32053131687928266,,,,
