,PDQ,avg_pPDQ,avg_spatial,avg_fg,avg_bg,avg_label,TP,FP,FN,mAP,moLRP,moLRPLoc,moLRPFP,moLRPFN
coco_mcdrop15_10_no_retrain_c14s3_0_5_0_6,0.14208880628814624,0.5485592081065619,0.49595068657755964,0.7414107230246356,0.7111447451286025,0.6910896418425819,9697,656,27084,0.15142702280217257,0.8474622155880891,0.1649575946025643,0.16377985144637452,0.7678569601245022
