,PDQ,avg_pPDQ,avg_spatial,avg_fg,avg_bg,avg_label,TP,FP,FN,mAP,moLRP,moLRPLoc,moLRPFP,moLRPFN
coco_mcdrop05_10_no_retrain_c9s4_0_5_0_6,0.1783333140335202,0.5512226620449258,0.49983785750186827,0.7837505753594708,0.6749123237451632,0.7129283578238976,12235,1037,24546,0.21822732079775672,0.7831587668397416,0.14627852238086492,0.13791624155867188,0.6886046329287258
