,PDQ,avg_pPDQ,avg_spatial,avg_fg,avg_bg,avg_label,TP,FP,FN,mAP,moLRP,moLRPLoc,moLRPFP,moLRPFN
coco_mcdrop75_10_c6s1_0_5_0_6,0.059827407231717485,0.4358853955453702,0.3675661778905081,0.752527087774393,0.5526469798362054,0.6434073070051726,5082,245,31699,0.06582333581258862,,,,
