,PDQ,avg_pPDQ,avg_spatial,avg_fg,avg_bg,avg_label,TP,FP,FN,mAP,moLRP,moLRPLoc,moLRPFP,moLRPFN
coco_mcdrop25_10_no_retrain_c14s1_0_1_0_6,0.1629961359133044,0.3710767177242176,0.3681610303052174,0.6832763536665719,0.5854064038571671,0.4522257103430065,25481,21229,11300,0.27489562825017927,0.7571991826139142,0.19646838348476342,0.32105655712354225,0.5403305445994382
