,PDQ,avg_pPDQ,avg_spatial,avg_fg,avg_bg,avg_label,TP,FP,FN,mAP,moLRP,moLRPLoc,moLRPFP,moLRPFN
coco_mcdrop50_10_no_retrain_c9s5_0_1_0_6,0.12671672493361832,0.30944513508594584,0.29505270886423846,0.6121393622546548,0.5153967407068456,0.3906694462022714,27071,29327,9710,0.2337483151330927,0.7954467597265552,0.2200622898962885,0.3479324202346,0.5746425291692681
