,PDQ,avg_pPDQ,avg_spatial,avg_fg,avg_bg,avg_label,TP,FP,FN,mAP,moLRP,moLRPLoc,moLRPFP,moLRPFN
coco_mcdrop75_10_c5s4_0_1_0_6,0.07741298014478346,0.2764156364841338,0.30505168341088357,0.6337163520087007,0.5391176309009947,0.3563010073081626,11937,5842,24844,0.08594007811490552,0.9117251152495802,0.24270309821048416,0.46322838441875236,0.8106140589117745
