,PDQ,avg_pPDQ,avg_spatial,avg_fg,avg_bg,avg_label,TP,FP,FN,mAP,moLRP,moLRPLoc,moLRPFP,moLRPFN
coco_mcdrop25_10_no_retrain_c10s2_0_5_0_6,0.19676817005718,0.5361645334653464,0.4575470122102103,0.7324163467626719,0.668294648991261,0.699057658238335,13869,1010,22912,0.22073933060638815,0.7791466074144309,0.16528182063928804,0.14756593936756465,0.6641437872658903
