,PDQ,avg_pPDQ,avg_spatial,avg_fg,avg_bg,avg_label,TP,FP,FN,mAP,moLRP,moLRPLoc,moLRPFP,moLRPFN
coco_mcdrop75_10_c5s4_0_5_0_6,0.05133619145422888,0.46355440635811507,0.4169339545767628,0.7161943308458056,0.6387806911278795,0.6306963681243587,4097,214,32684,0.04473009359226375,,,,
