,PDQ,avg_pPDQ,avg_spatial,avg_fg,avg_bg,avg_label,TP,FP,FN,mAP,moLRP,moLRPLoc,moLRPFP,moLRPFN
coco_mcdrop10_10_no_retrain_c2s2_0_5_0_6,0.13938308559343812,0.5482333134807045,0.502702829758518,0.7574020300971415,0.7012244302528947,0.6935597018656345,9533,715,27248,0.15259370273095377,,,,
