,PDQ,avg_pPDQ,avg_spatial,avg_fg,avg_bg,avg_label,TP,FP,FN,mAP,moLRP,moLRPLoc,moLRPFP,moLRPFN
coco_mcdrop75_10_c13s2_0_5_0_6,0.1470401999205247,0.5633570182695755,0.5335785532196077,0.7616824907077909,0.7348466380827476,0.6613414971789762,9734,513,27047,0.16935532011029786,0.8307059599527833,0.15395747911730367,0.10716803732981837,0.7580205234151298
