,PDQ,avg_pPDQ,avg_spatial,avg_fg,avg_bg,avg_label,TP,FP,FN,mAP,moLRP,moLRPLoc,moLRPFP,moLRPFN
coco_mcdrop75_10_no_retrain_c11s1_0_1_0_6,0.04715822105016372,0.2150520759155658,0.19486099104974453,0.4711789843974163,0.4427831469695743,0.288498997178227,32603,111896,4178,0.1651606143431443,0.859736512523282,0.2695887267010154,0.4555910415836696,0.6239995600245729
