,PDQ,avg_pPDQ,avg_spatial,avg_fg,avg_bg,avg_label,TP,FP,FN,mAP,moLRP,moLRPLoc,moLRPFP,moLRPFN
coco_mcdrop01_10_no_retrain_c6s4_0_5_0_6,0.014430164464326555,0.23969296041425767,0.17822701514422237,0.6725748092787607,0.34832077765202785,0.6305210639356257,2275,1008,34506,0.02616234631732309,,,,
