,PDQ,avg_pPDQ,avg_spatial,avg_fg,avg_bg,avg_label,TP,FP,FN,mAP,moLRP,moLRPLoc,moLRPFP,moLRPFN
coco_mcdrop75_10_no_retrain_c5s3_0_1_0_6,0.04574964769827426,0.1807317621123692,0.17185691403100448,0.42660140911588096,0.42136523206958126,0.24294872821930105,27024,69976,9757,0.09698252851382706,0.9107889454129545,0.2838390831794636,0.5607656289818416,0.748527495120979
