,PDQ,avg_pPDQ,avg_spatial,avg_fg,avg_bg,avg_label,TP,FP,FN,mAP,moLRP,moLRPLoc,moLRPFP,moLRPFN
coco_mcdrop75_10_c11s4_0_1_0_6,0.12822025288209601,0.35545365655522126,0.40293928812889035,0.7240569758422908,0.5993495001130378,0.39210377611858777,15510,6216,21271,0.16769504581689026,0.8393479386049284,0.20306256744188786,0.3297469535668848,0.7012225531749963
