,PDQ,avg_pPDQ,avg_spatial,avg_fg,avg_bg,avg_label,TP,FP,FN,mAP,moLRP,moLRPLoc,moLRPFP,moLRPFN
coco_mcdrop25_10_no_retrain_c11s2_0_1_0_6,0.17706901156616464,0.3818010826269874,0.3774496689456654,0.6980471129306324,0.5825297506430254,0.4625892692995996,25066,17267,11715,0.2865187217856725,,,,
