,PDQ,avg_pPDQ,avg_spatial,avg_fg,avg_bg,avg_label,TP,FP,FN,mAP,moLRP,moLRPLoc,moLRPFP,moLRPFN
coco_mcdrop75_10_no_retrain_c11s5_0_5_0_6,0.021037676487815602,0.40239059677628825,0.29957308742006516,0.5583159255127741,0.5788191530020298,0.6012362740048486,1927,77,34854,0.015376479785852114,,,,
