,PDQ,avg_pPDQ,avg_spatial,avg_fg,avg_bg,avg_label,TP,FP,FN,mAP,moLRP,moLRPLoc,moLRPFP,moLRPFN
coco_mcdrop25_10_no_retrain_c3s4_0_5_0_6,0.0779256892650497,0.5001331612266886,0.43661652287520464,0.6939194700914068,0.6866422178441993,0.6644786665833536,5786,354,30995,0.07300583901619147,,,,
