,PDQ,avg_pPDQ,avg_spatial,avg_fg,avg_bg,avg_label,TP,FP,FN,mAP,moLRP,moLRPLoc,moLRPFP,moLRPFN
coco_mcdrop01_10_no_retrain_c8s4_0_5_0_6,0.09055671766459579,0.4192276021454232,0.3614214412712612,0.7602480281569475,0.5213598754947171,0.6972102506614171,8150,949,28631,0.128053957829425,0.8727273046301149,0.15192444420387738,0.16772384149945263,0.8129520595473501
