,PDQ,avg_pPDQ,avg_spatial,avg_fg,avg_bg,avg_label,TP,FP,FN,mAP,moLRP,moLRPLoc,moLRPFP,moLRPFN
coco_mcdrop20_10_no_retrain_c13s5_0_5_0_6,0.04800905002094005,0.5347165062669311,0.5224006799126188,0.6805135326826031,0.8026901607659793,0.639684432840046,3323,230,33458,0.05548482426380168,,,,
