,PDQ,avg_pPDQ,avg_spatial,avg_fg,avg_bg,avg_label,TP,FP,FN,mAP,moLRP,moLRPLoc,moLRPFP,moLRPFN
coco_mcdrop50_10_no_retrain_c6s5_0_5_0_6,0.017092111312246045,0.3229463367921407,0.21631148347600562,0.5586338791019115,0.5087963553359274,0.6067810446390363,1952,101,34829,0.01285756156876942,,,,
