,PDQ,avg_pPDQ,avg_spatial,avg_fg,avg_bg,avg_label,TP,FP,FN,mAP,moLRP,moLRPLoc,moLRPFP,moLRPFN
coco_mcdrop50_10_no_retrain_c11s3_0_1_0_6,0.12636231586794167,0.3079220876254354,0.29755269114908717,0.6130127182838179,0.5180166961540116,0.3845355748720047,26155,26954,10626,0.22525542544095056,0.8018230986184115,0.21728493606347632,0.35061672981997705,0.59232968259673
