,PDQ,avg_pPDQ,avg_spatial,avg_fg,avg_bg,avg_label,TP,FP,FN,mAP,moLRP,moLRPLoc,moLRPFP,moLRPFN
coco_mcdrop25_10_no_retrain_c3s3_0_5_0_6,0.10980402789176537,0.5159156228572258,0.44575925696878793,0.7050189944578112,0.6846574087992765,0.6800832436566753,7934,497,28847,0.10967962913844377,0.8891169172221675,0.17394038423734323,0.18552602041192734,0.8297107208082568
