,PDQ,avg_pPDQ,avg_spatial,avg_fg,avg_bg,avg_label,TP,FP,FN,mAP,moLRP,moLRPLoc,moLRPFP,moLRPFN
coco_mcdrop10_10_no_retrain_c11s2_0_5_0_6,0.1843552449125613,0.5625164044841733,0.5073205348952596,0.7727837273612701,0.6944555272446274,0.7077837773210454,12348,896,24433,0.21330801316336617,0.7880758973334606,0.1510705754094288,0.13256319049412774,0.6930108573374835
