,PDQ,avg_pPDQ,avg_spatial,avg_fg,avg_bg,avg_label,TP,FP,FN,mAP,moLRP,moLRPLoc,moLRPFP,moLRPFN
coco_ensemble_5_c2s2_0_5_0_6,0.12355550388291181,0.5557832130422676,0.5199365995173211,0.8526909690547073,0.6349106058883621,0.7035451205828941,8273,433,28508,0.1492074723990663,,,,
