,PDQ,avg_pPDQ,avg_spatial,avg_fg,avg_bg,avg_label,TP,FP,FN,mAP,moLRP,moLRPLoc,moLRPFP,moLRPFN
coco_mcdrop20_10_no_retrain_c9s3_0_5_0_6,0.18137329760651805,0.554406075767621,0.48751326645167503,0.7503788269080216,0.6897267937029737,0.7006535881219403,12290,786,24491,0.2034406299917802,0.7965815869407512,0.1566348538607338,0.13680205329614573,0.6994149466537746
