,PDQ,avg_pPDQ,avg_spatial,avg_fg,avg_bg,avg_label,TP,FP,FN,mAP,moLRP,moLRPLoc,moLRPFP,moLRPFN
coco_mcdrop10_10_no_retrain_c3s1_0_5_0_6,0.1770149034791561,0.5503493436489114,0.4915079576533378,0.7569274313987908,0.6919396078994131,0.7071298911805062,12168,1050,24613,0.2015731655842464,0.7989595681478749,0.15515734660181124,0.17230448937617984,0.7030682526253095
