,PDQ,avg_pPDQ,avg_spatial,avg_fg,avg_bg,avg_label,TP,FP,FN,mAP,moLRP,moLRPLoc,moLRPFP,moLRPFN
coco_mcdrop50_10_no_retrain_c3s2_0_1_0_6,0.12186330464617208,0.30034076875630117,0.2851725461946202,0.6028905630559277,0.511433427838838,0.38684433521763895,25036,24922,11745,0.20082018532483423,0.8192588796661212,0.22120755386968285,0.396951595972899,0.6163387450706131
