,PDQ,avg_pPDQ,avg_spatial,avg_fg,avg_bg,avg_label,TP,FP,FN,mAP,moLRP,moLRPLoc,moLRPFP,moLRPFN
coco_mcdrop20_10_no_retrain_c6s3_0_5_0_6,0.03639030759789032,0.3562197172884011,0.2613073433568717,0.6522648829242176,0.5065141016306239,0.6429358665878334,3789,309,32992,0.03565690935254276,,,,
