,PDQ,avg_pPDQ,avg_spatial,avg_fg,avg_bg,avg_label,TP,FP,FN,mAP,moLRP,moLRPLoc,moLRPFP,moLRPFN
coco_mcdrop75_10_c11s4_0_5_0_6,0.08769880480230748,0.5540874606112306,0.5393369467257639,0.7869019886618146,0.716895858745425,0.6414352356267538,5854,205,30927,0.08902816302365608,,,,
