,PDQ,avg_pPDQ,avg_spatial,avg_fg,avg_bg,avg_label,TP,FP,FN,mAP,moLRP,moLRPLoc,moLRPFP,moLRPFN
coco_mcdrop25_10_no_retrain_c2s2_0_1_0_6,0.15125163306440007,0.3599602811588044,0.37069882656006786,0.6698663744648172,0.5946444166037413,0.4304226227862,21299,13908,15482,0.21288292082577615,0.806255463334679,0.19826758172254907,0.3737148821151201,0.6307371028308661
