,PDQ,avg_pPDQ,avg_spatial,avg_fg,avg_bg,avg_label,TP,FP,FN,mAP,moLRP,moLRPLoc,moLRPFP,moLRPFN
coco_mcdrop25_10_no_retrain_c5s3_0_1_0_6,0.12353332839640263,0.32641367196612203,0.3267136365150372,0.6433762072767268,0.563044814141165,0.4168932566552016,17971,10704,18810,0.15836891898397906,,,,
