,PDQ,avg_pPDQ,avg_spatial,avg_fg,avg_bg,avg_label,TP,FP,FN,mAP,moLRP,moLRPLoc,moLRPFP,moLRPFN
coco_mcdrop25_10_c2s2_0_5_0_6,0.12358140594613674,0.5190446684220289,0.48355947570851965,0.7769868176277187,0.6576597608679202,0.6910450891699902,8944,784,27837,0.14879577786506512,0.8515351264372655,0.15697815223831244,0.15955088858799568,0.7820772341146479
