,PDQ,avg_pPDQ,avg_spatial,avg_fg,avg_bg,avg_label,TP,FP,FN,mAP,moLRP,moLRPLoc,moLRPFP,moLRPFN
coco_mcdrop15_10_no_retrain_c13s4_0_5_0_6,0.10694843098368388,0.5604296421407563,0.5263617484818133,0.709003966552758,0.7777066020266457,0.6799304720150094,7107,461,29674,0.11102322335711733,,,,
