,PDQ,avg_pPDQ,avg_spatial,avg_fg,avg_bg,avg_label,TP,FP,FN,mAP,moLRP,moLRPLoc,moLRPFP,moLRPFN
coco_mcdrop15_10_no_retrain_c3s5_0_5_0_6,0.053606668447620284,0.4788965669699257,0.43228490270229203,0.6996650112530859,0.6754140332628307,0.6435569148934186,4152,311,32629,0.04761938694258567,0.9510259271543401,0.17993338522497085,0.2739787110415186,0.9237936251386571
