,PDQ,avg_pPDQ,avg_spatial,avg_fg,avg_bg,avg_label,TP,FP,FN,mAP,moLRP,moLRPLoc,moLRPFP,moLRPFN
coco_mcdrop75_10_no_retrain_c11s4_0_5_0_6,0.0461270815511587,0.3916404335054616,0.2825645327075114,0.5422863919187791,0.5621440611487006,0.6081828128023583,4353,178,32428,0.03886056870621549,,,,
