,PDQ,avg_pPDQ,avg_spatial,avg_fg,avg_bg,avg_label,TP,FP,FN,mAP,moLRP,moLRPLoc,moLRPFP,moLRPFN
coco_mcdrop25_10_no_retrain_c2s2_0_5_0_6,0.13644366368625063,0.5365539355779949,0.4716287218834225,0.7338626317538713,0.6845255761585738,0.6839094594905251,9500,577,27281,0.14286671138753612,0.8565744486982467,0.17093415520717417,0.15977391098110377,0.7791230927661077
