,PDQ,avg_pPDQ,avg_spatial,avg_fg,avg_bg,avg_label,TP,FP,FN,mAP,moLRP,moLRPLoc,moLRPFP,moLRPFN
coco_mcdrop05_10_no_retrain_c14s5_0_5_0_6,0.05860462064013392,0.4930345743220316,0.46306507034539096,0.7093143361051698,0.6978210005555218,0.65971260873171,4420,404,32361,0.06477999427624517,,,,
