,PDQ,avg_pPDQ,avg_spatial,avg_fg,avg_bg,avg_label,TP,FP,FN,mAP,moLRP,moLRPLoc,moLRPFP,moLRPFN
coco_mcdrop75_10_c14s5_0_5_0_6,0.04358406374008017,0.5315843329779686,0.5255939193148776,0.7406209341826893,0.7459981717445232,0.6232018756566855,3024,102,33757,0.04513381513880077,,,,
