,PDQ,avg_pPDQ,avg_spatial,avg_fg,avg_bg,avg_label,TP,FP,FN,mAP,moLRP,moLRPLoc,moLRPFP,moLRPFN
coco_mcdrop50_10_c14s3_0_5_0_6,0.12512348856833688,0.5408699128082418,0.5093106098587723,0.7584960488110081,0.7091402859926693,0.6793924772075988,8643,580,28138,0.13883580458063138,,,,
