,PDQ,avg_pPDQ,avg_spatial,avg_fg,avg_bg,avg_label,TP,FP,FN,mAP,moLRP,moLRPLoc,moLRPFP,moLRPFN
coco_mcdrop25_10_no_retrain_c10s1_0_1_0_6,0.17654268740726087,0.3872750469999576,0.3721324799511117,0.7034542428557155,0.5722530259631896,0.4799637007917021,27739,24069,9042,0.3156911272409121,0.7232230917650858,0.1886528081184941,0.29944439115520494,0.48846622464963724
