,PDQ,avg_pPDQ,avg_spatial,avg_fg,avg_bg,avg_label,TP,FP,FN,mAP,moLRP,moLRPLoc,moLRPFP,moLRPFN
coco_mcdrop75_10_no_retrain_c3s1_0_5_0_6,0.06928021455864196,0.3775847825549898,0.2628900403068179,0.522346628061581,0.5486522536749369,0.6111296464846684,6825,416,29956,0.06375467224361332,0.9338689458398761,0.23596757123067955,0.15364356492884088,0.8765424950382966
