,PDQ,avg_pPDQ,avg_spatial,avg_fg,avg_bg,avg_label,TP,FP,FN,mAP,moLRP,moLRPLoc,moLRPFP,moLRPFN
coco_mcdrop20_10_no_retrain_c8s1_0_5_0_6,0.17688861781702075,0.5482921281302701,0.4795526272670081,0.7508764586889684,0.6795246352837879,0.6997824317239925,12153,889,24628,0.19324534282016714,0.807364116331463,0.15955909657315812,0.15584470629190156,0.7113913047858373
