,PDQ,avg_pPDQ,avg_spatial,avg_fg,avg_bg,avg_label,TP,FP,FN,mAP,moLRP,moLRPLoc,moLRPFP,moLRPFN
coco_mcdrop25_10_c7s5_0_5_0_6,0.0852494743841595,0.4840162144045237,0.4517384215540328,0.7643516221272961,0.6314400372437885,0.6695272619110225,6589,629,30192,0.08621287859633132,,,,
