,PDQ,avg_pPDQ,avg_spatial,avg_fg,avg_bg,avg_label,TP,FP,FN,mAP,moLRP,moLRPLoc,moLRPFP,moLRPFN
coco_mcdrop50_10_no_retrain_c8s5_0_5_0_6,0.0863251960191481,0.47580130315513824,0.3856096933671902,0.6726818176504763,0.614052008849632,0.6547144224249294,6734,335,30047,0.07720296952043935,,,,
