,PDQ,avg_pPDQ,avg_spatial,avg_fg,avg_bg,avg_label,TP,FP,FN,mAP,moLRP,moLRPLoc,moLRPFP,moLRPFN
coco_mcdrop15_10_no_retrain_c0s5_0_5_0_6,0.036964753109429906,0.48879579924480876,0.4680669193141756,0.7112715126957881,0.704966861335411,0.6266595807489475,2799,231,33982,0.030247745323891427,,,,
