,PDQ,avg_pPDQ,avg_spatial,avg_fg,avg_bg,avg_label,TP,FP,FN,mAP,moLRP,moLRPLoc,moLRPFP,moLRPFN
coco_mcdrop75_10_no_retrain_c0s2_0_1_0_6,0.047354905970375324,0.1981019196969401,0.18546584209692882,0.44910802394470606,0.4341727823001632,0.2638895904919665,30838,92225,5943,0.13380278527671147,0.8829419465914073,0.2728388878261168,0.5145190849904877,0.6758155158357969
