,PDQ,avg_pPDQ,avg_spatial,avg_fg,avg_bg,avg_label,TP,FP,FN,mAP,moLRP,moLRPLoc,moLRPFP,moLRPFN
coco_mcdrop15_10_no_retrain_c5s3_0_5_0_6,0.10503721564059167,0.5026588559670593,0.4371314198849078,0.7179754812207327,0.6618399986812799,0.6812503262933797,7796,527,28985,0.10732388222901777,0.8911926544648214,0.1835920374781247,0.1884033788833777,0.8269161699891521
