,PDQ,avg_pPDQ,avg_spatial,avg_fg,avg_bg,avg_label,TP,FP,FN,mAP,moLRP,moLRPLoc,moLRPFP,moLRPFN
coco_mcdrop75_10_no_retrain_c3s3_0_5_0_6,0.0504157659705392,0.3820360343636667,0.27061063174333555,0.5246209136181814,0.5671951000553942,0.6087860220536621,4890,274,31891,0.0397360008014395,,,,
