,PDQ,avg_pPDQ,avg_spatial,avg_fg,avg_bg,avg_label,TP,FP,FN,mAP,moLRP,moLRPLoc,moLRPFP,moLRPFN
coco_mcdrop10_10_no_retrain_c0s2_0_5_0_6,0.15335870638010757,0.5533557012856173,0.5027712568192543,0.7616754137176458,0.6993890678698178,0.6993372500589972,10407,770,26374,0.17013250796441465,0.8288569953663188,0.15366854272060176,0.16783236677989533,0.7479845080135318
