,PDQ,avg_pPDQ,avg_spatial,avg_fg,avg_bg,avg_label,TP,FP,FN,mAP,moLRP,moLRPLoc,moLRPFP,moLRPFN
coco_mcdrop20_10_no_retrain_c13s2_0_5_0_6,0.19821153546624187,0.5553917772074246,0.48581754628217777,0.7391639722828054,0.6983249399592414,0.7061043636962798,13496,1035,23285,0.22335096710255975,0.7767983067208177,0.15959085481038726,0.1518755601288727,0.6646951166804568
