,PDQ,avg_pPDQ,avg_spatial,avg_fg,avg_bg,avg_label,TP,FP,FN,mAP,moLRP,moLRPLoc,moLRPFP,moLRPFN
coco_mcdrop25_10_c0s5_0_1_0_6,0.04614840524509448,0.23941147525496165,0.29926613490322773,0.607441048078344,0.5579455329040163,0.322429650280097,8155,5526,28626,0.04898940790270524,,,,
