,PDQ,avg_pPDQ,avg_spatial,avg_fg,avg_bg,avg_label,TP,FP,FN,mAP,moLRP,moLRPLoc,moLRPFP,moLRPFN
coco_mcdrop75_10_no_retrain_c7s3_0_5_0_6,0.049495127823743885,0.3775136720057156,0.2678024694614878,0.5405194995137835,0.5372925267761248,0.6054195106630587,4859,280,31922,0.03923201677358745,,,,
