,PDQ,avg_pPDQ,avg_spatial,avg_fg,avg_bg,avg_label,TP,FP,FN,mAP,moLRP,moLRPLoc,moLRPFP,moLRPFN
coco_mcdrop20_10_no_retrain_c14s1_0_5_0_6,0.1736379959906221,0.5476622857088367,0.4802881077512388,0.7398892031110638,0.6930245290503476,0.6989828577131293,11912,790,24869,0.19375730608150785,,,,
