,PDQ,avg_pPDQ,avg_spatial,avg_fg,avg_bg,avg_label,TP,FP,FN,mAP,moLRP,moLRPLoc,moLRPFP,moLRPFN
coco_mcdrop50_10_no_retrain_c13s2_0_1_0_6,0.12006669560788809,0.3177953711678801,0.29583592791222035,0.6084844749215013,0.5214361975710197,0.40656172221823544,29767,42007,7014,0.260119833123875,0.7754777576715882,0.2201987445661991,0.3386066916978151,0.5365306573421333
