,PDQ,avg_pPDQ,avg_spatial,avg_fg,avg_bg,avg_label,TP,FP,FN,mAP,moLRP,moLRPLoc,moLRPFP,moLRPFN
coco_mcdrop75_10_no_retrain_c9s5_0_1_0_6,0.0485390796439781,0.20812693640338178,0.19157106372506383,0.46218480912656223,0.4382144853610771,0.2770552304961654,31516,98354,5265,0.1529623212631933,0.8695284701487711,0.27201161894493897,0.4685161158945313,0.6509350447599467
