,PDQ,avg_pPDQ,avg_spatial,avg_fg,avg_bg,avg_label,TP,FP,FN,mAP,moLRP,moLRPLoc,moLRPFP,moLRPFN
coco_mcdrop75_10_no_retrain_c2s2_0_5_0_6,0.05499054208191669,0.38706367317313417,0.27477316131441515,0.5357755659901713,0.5547743130391115,0.61319964270857,5267,292,31514,0.04821229254382482,,,,
