,PDQ,avg_pPDQ,avg_spatial,avg_fg,avg_bg,avg_label,TP,FP,FN,mAP,moLRP,moLRPLoc,moLRPFP,moLRPFN
coco_mcdrop75_10_no_retrain_c0s1_0_1_0_6,0.04753559313896437,0.20915335019404754,0.19159199308435754,0.4607235486677667,0.44142143198466083,0.2791354045440471,32083,104382,4698,0.15335586421385233,0.8687893313536911,0.271318695797593,0.46954382049567817,0.6460385194025461
