,PDQ,avg_pPDQ,avg_spatial,avg_fg,avg_bg,avg_label,TP,FP,FN,mAP,moLRP,moLRPLoc,moLRPFP,moLRPFN
coco_mcdrop25_10_c14s4_0_5_0_6,0.08660626186816663,0.4968590841023122,0.46510159122161876,0.7374617984689931,0.6763118293548239,0.672310794146934,6494,475,30287,0.09963501784099339,,,,
