,PDQ,avg_pPDQ,avg_spatial,avg_fg,avg_bg,avg_label,TP,FP,FN,mAP,moLRP,moLRPLoc,moLRPFP,moLRPFN
coco_mcdrop50_10_no_retrain_c9s3_0_5_0_6,0.1396272680842918,0.4817353222386199,0.3820231024886721,0.6602554063751701,0.6247045170180111,0.6690573450945779,10843,629,25938,0.15142314280986124,0.8462848124794068,0.1863462498207678,0.13863556744111322,0.7537397190725054
