,PDQ,avg_pPDQ,avg_spatial,avg_fg,avg_bg,avg_label,TP,FP,FN,mAP,moLRP,moLRPLoc,moLRPFP,moLRPFN
coco_mcdrop75_10_no_retrain_c8s1_0_5_0_6,0.06654971407485596,0.37717930645200426,0.26186402140457576,0.5285603595426995,0.5394466135592373,0.6163480865153839,6559,393,30222,0.06004995183657675,,,,
