,PDQ,avg_pPDQ,avg_spatial,avg_fg,avg_bg,avg_label,TP,FP,FN,mAP,moLRP,moLRPLoc,moLRPFP,moLRPFN
coco_mcdrop25_10_c3s2_0_5_0_6,0.1371007561447072,0.5114683786243465,0.4666794431468459,0.777826754597309,0.641061248366242,0.6988357769007273,10130,1010,26651,0.16616516167651987,0.8333083822584303,0.15641357515354423,0.1641672057266851,0.7551010054275341
