,PDQ,avg_pPDQ,avg_spatial,avg_fg,avg_bg,avg_label,TP,FP,FN,mAP,moLRP,moLRPLoc,moLRPFP,moLRPFN
coco_mcdrop25_10_no_retrain_c13s1_0_5_0_6,0.19537504808760475,0.5442230765561159,0.4672182556945749,0.7293617654934055,0.6828648635679397,0.7018377079122641,13573,1027,23208,0.21863259153043263,0.7809548516174385,0.16407749428386392,0.15088939128670648,0.6674056821934805
