,PDQ,avg_pPDQ,avg_spatial,avg_fg,avg_bg,avg_label,TP,FP,FN,mAP,moLRP,moLRPLoc,moLRPFP,moLRPFN
coco_mcdrop75_10_no_retrain_c13s3_0_1_0_6,0.04366820501508715,0.21013956186733032,0.19642453159088552,0.4490131939807511,0.46193810117028433,0.2750487467437826,32133,117849,4648,0.14987537871967063,0.8716640619937595,0.2690843384828373,0.48765129793396456,0.6566692997076474
