,PDQ,avg_pPDQ,avg_spatial,avg_fg,avg_bg,avg_label,TP,FP,FN,mAP,moLRP,moLRPLoc,moLRPFP,moLRPFN
coco_mcdrop50_10_no_retrain_c2s5_0_1_0_6,0.06020555873805734,0.2252067598362498,0.2689367543357974,0.5451364818384137,0.5322222698437453,0.26339466803652906,12114,8533,24667,0.050335456187987224,,,,
