,PDQ,avg_pPDQ,avg_spatial,avg_fg,avg_bg,avg_label,TP,FP,FN,mAP,moLRP,moLRPLoc,moLRPFP,moLRPFN
coco_mcdrop05_10_no_retrain_c2s4_0_5_0_6,0.07262560291335805,0.4990383928951603,0.46890474595877707,0.7437957873743324,0.6745227148064113,0.6644012933061205,5427,510,31354,0.07424069408765155,,,,
