,PDQ,avg_pPDQ,avg_spatial,avg_fg,avg_bg,avg_label,TP,FP,FN,mAP,moLRP,moLRPLoc,moLRPFP,moLRPFN
coco_mcdrop05_10_no_retrain_c3s5_0_5_0_6,0.04921927468773244,0.4477125714630442,0.4050606512341681,0.7134010338043304,0.6260639047313878,0.6488458440800217,4092,441,32689,0.04930530923644445,,,,
