,PDQ,avg_pPDQ,avg_spatial,avg_fg,avg_bg,avg_label,TP,FP,FN,mAP,moLRP,moLRPLoc,moLRPFP,moLRPFN
coco_mcdrop10_10_no_retrain_c1s2_0_5_0_6,0.15711253605909495,0.5532658322290941,0.5023677283732156,0.7624159919679332,0.6981045938029732,0.6998150836672867,10670,793,26111,0.1717168091807345,0.8281072318281971,0.15927649668494795,0.16639165656846777,0.7445767624405817
