,PDQ,avg_pPDQ,avg_spatial,avg_fg,avg_bg,avg_label,TP,FP,FN,mAP,moLRP,moLRPLoc,moLRPFP,moLRPFN
coco_mcdrop10_10_no_retrain_c5s4_0_5_0_6,0.06467056903324062,0.45364520035216255,0.39566118057867095,0.6940245962516106,0.6313646196442326,0.6574018122271819,5303,418,31478,0.06623204555975346,,,,
