,PDQ,avg_pPDQ,avg_spatial,avg_fg,avg_bg,avg_label,TP,FP,FN,mAP,moLRP,moLRPLoc,moLRPFP,moLRPFN
coco_mcdrop75_10_c5s1_0_1_0_6,0.16390310267203861,0.36642652820362315,0.3853913950642027,0.7230135546335962,0.5800516376707893,0.4269388694349598,21606,11522,15175,0.2544794707310954,0.7664365388188872,0.20125855888923327,0.30564801942765907,0.56115456589049
