,PDQ,avg_pPDQ,avg_spatial,avg_fg,avg_bg,avg_label,TP,FP,FN,mAP,moLRP,moLRPLoc,moLRPFP,moLRPFN
coco_mcdrop50_10_no_retrain_c8s4_0_5_0_6,0.09497816006265593,0.4744695262162275,0.38097674720069413,0.6694617322776266,0.6119156965485183,0.6598845783180447,7440,386,29341,0.0875767144718845,,,,
