,PDQ,avg_pPDQ,avg_spatial,avg_fg,avg_bg,avg_label,TP,FP,FN,mAP,moLRP,moLRPLoc,moLRPFP,moLRPFN
coco_mcdrop05_10_no_retrain_c8s2_0_5_0_6,0.14290650515959738,0.5318332075730848,0.48431868763218927,0.7757517805642195,0.6631267634518337,0.7018478394356253,10113,855,26668,0.1616145027118983,0.8387141501823663,0.15053030124575295,0.15987248787987077,0.7637055233448041
