,PDQ,avg_pPDQ,avg_spatial,avg_fg,avg_bg,avg_label,TP,FP,FN,mAP,moLRP,moLRPLoc,moLRPFP,moLRPFN
coco_mcdrop50_10_no_retrain_c0s3_0_1_0_6,0.10838788632165254,0.28043760960594905,0.281887702955214,0.5840771201309545,0.5148755879881661,0.349650766236822,22375,21111,14406,0.15579604551379536,0.857264194971464,0.23350196794082415,0.438445000124778,0.6881684398790027
