,PDQ,avg_pPDQ,avg_spatial,avg_fg,avg_bg,avg_label,TP,FP,FN,mAP,moLRP,moLRPLoc,moLRPFP,moLRPFN
coco_mcdrop10_10_no_retrain_c12s1_0_5_0_6,0.1842408003812728,0.5479382397783048,0.48768053993651694,0.7692265692314204,0.674963015728935,0.707412618374819,12747,1129,24034,0.20389037251836797,0.7962100990130182,0.15807289537959598,0.15639593734927698,0.6962157507213352
