,PDQ,avg_pPDQ,avg_spatial,avg_fg,avg_bg,avg_label,TP,FP,FN,mAP,moLRP,moLRPLoc,moLRPFP,moLRPFN
coco_mcdrop50_10_no_retrain_c0s1_0_1_0_6,0.12286946371248872,0.3073812388928137,0.2908790945878224,0.6066694727610719,0.5142373906182008,0.3917220318643075,27820,32816,8961,0.23274388290048992,0.7958451791074405,0.2204441223705973,0.35157769519317256,0.5727849227282671
