,PDQ,avg_pPDQ,avg_spatial,avg_fg,avg_bg,avg_label,TP,FP,FN,mAP,moLRP,moLRPLoc,moLRPFP,moLRPFN
coco_mcdrop75_10_c0s1_0_1_0_6,0.16445648510537858,0.3647103441974243,0.39328305110581463,0.7198756061209081,0.5900435286850946,0.4142796762438642,21312,10482,15469,0.24842074388767305,0.7710860265970298,0.19875371709546735,0.3143286291107583,0.569788942841529
