,PDQ,avg_pPDQ,avg_spatial,avg_fg,avg_bg,avg_label,TP,FP,FN,mAP,moLRP,moLRPLoc,moLRPFP,moLRPFN
coco_mcdrop50_10_no_retrain_c6s1_0_1_0_6,0.08595533248912968,0.24598281569200714,0.225287824271127,0.5544862152996191,0.4634486966148977,0.34938602999282253,18040,14845,18741,0.10960010217642467,0.8936272345421159,0.2686093944250857,0.4755353012369834,0.734854358380178
