,PDQ,avg_pPDQ,avg_spatial,avg_fg,avg_bg,avg_label,TP,FP,FN,mAP,moLRP,moLRPLoc,moLRPFP,moLRPFN
coco_mcdrop75_10_c9s2_0_1_0_6,0.17274803782481676,0.3735726482802055,0.39952901536140206,0.733295926245471,0.5890244178520445,0.42293221072303955,21953,10693,14828,0.2709932438959063,0.7507630714889024,0.19224084503079858,0.2813125588944152,0.5492239311625574
