,PDQ,avg_pPDQ,avg_spatial,avg_fg,avg_bg,avg_label,TP,FP,FN,mAP,moLRP,moLRPLoc,moLRPFP,moLRPFN
coco_mcdrop15_10_no_retrain_c11s1_0_5_0_6,0.19389286151148866,0.560031001099,0.49640388021024373,0.7620381861206255,0.691142262005041,0.7069515623463196,13059,938,23722,0.2208047575082796,0.7801259917332374,0.15571061181313312,0.14014512137330573,0.6756054720401166
