,PDQ,avg_pPDQ,avg_spatial,avg_fg,avg_bg,avg_label,TP,FP,FN,mAP,moLRP,moLRPLoc,moLRPFP,moLRPFN
coco_mcdrop01_10_no_retrain_c13s4_0_5_0_6,0.0877390409429304,0.468091404882551,0.4210565013913324,0.6861495379959793,0.6577924744138818,0.6883016554439912,7026,703,29755,0.11686047575776465,,,,
