,PDQ,avg_pPDQ,avg_spatial,avg_fg,avg_bg,avg_label,TP,FP,FN,mAP,moLRP,moLRPLoc,moLRPFP,moLRPFN
coco_mcdrop75_10_c8s5_0_1_0_6,0.11520776925816885,0.33809775809896114,0.38436311522800515,0.7074993946941784,0.589853176551596,0.38094156203832097,14819,6708,21962,0.14047429084834598,0.8636310159131714,0.20762615916441554,0.36469255364677966,0.7424086923662342
