,PDQ,avg_pPDQ,avg_spatial,avg_fg,avg_bg,avg_label,TP,FP,FN,mAP,moLRP,moLRPLoc,moLRPFP,moLRPFN
coco_mcdrop10_10_no_retrain_c9s3_0_5_0_6,0.18543051144930503,0.5636459730124099,0.5090657390975414,0.7737941657569514,0.6962159624699381,0.7078137851107366,12405,926,24376,0.214908893768722,0.7853996559766069,0.15038718522766784,0.14203641672186273,0.6886737058746762
