,PDQ,avg_pPDQ,avg_spatial,avg_fg,avg_bg,avg_label,TP,FP,FN,mAP,moLRP,moLRPLoc,moLRPFP,moLRPFN
coco_mcdrop25_10_no_retrain_c1s1_0_1_0_6,0.17264023555808064,0.3777764016625141,0.3712881283007892,0.6909471286792086,0.581607627065128,0.4624420789073255,25028,17986,11753,0.27107701693300557,0.7552906729140932,0.19192440513005632,0.3151706539205578,0.5447642433667014
