,PDQ,avg_pPDQ,avg_spatial,avg_fg,avg_bg,avg_label,TP,FP,FN,mAP,moLRP,moLRPLoc,moLRPFP,moLRPFN
coco_mcdrop10_10_no_retrain_c11s3_0_5_0_6,0.16410093629070716,0.5628801500898527,0.5119052291765682,0.7767588226629051,0.6958712188824528,0.7032983956222436,10949,775,25832,0.186589818455448,0.8142132557719144,0.1499006686751401,0.1406902820505909,0.7319611875746163
