,PDQ,avg_pPDQ,avg_spatial,avg_fg,avg_bg,avg_label,TP,FP,FN,mAP,moLRP,moLRPLoc,moLRPFP,moLRPFN
coco_mcdrop50_10_no_retrain_c9s2_0_5_0_6,0.143004754715271,0.4822948393644744,0.38113339779430894,0.659853637476202,0.6239405513754751,0.6724288231477513,11101,658,25680,0.15591937389816388,0.840713191620042,0.18519727329735383,0.1347269016184413,0.7439411908952493
