,PDQ,avg_pPDQ,avg_spatial,avg_fg,avg_bg,avg_label,TP,FP,FN,mAP,moLRP,moLRPLoc,moLRPFP,moLRPFN
coco_mcdrop50_10_no_retrain_c1s3_0_1_0_6,0.1123072586459513,0.2870619018567341,0.285018592828354,0.5858413909078061,0.518549563326774,0.3580616678334981,22912,21783,13869,0.16092461553527243,0.8527081747194452,0.22829449674559912,0.43708253593190155,0.68507730428245
