,PDQ,avg_pPDQ,avg_spatial,avg_fg,avg_bg,avg_label,TP,FP,FN,mAP,moLRP,moLRPLoc,moLRPFP,moLRPFN
coco_mcdrop75_10_no_retrain_c10s5_0_1_0_6,0.04464398716845262,0.20955279294311618,0.19076500264071092,0.46421590410777636,0.4394057344570133,0.2825372476814213,32528,115901,4253,0.15695559719181842,0.8655223733922897,0.2726095658255943,0.46784510557113845,0.6400565715210526
