,PDQ,avg_pPDQ,avg_spatial,avg_fg,avg_bg,avg_label,TP,FP,FN,mAP,moLRP,moLRPLoc,moLRPFP,moLRPFN
coco_mcdrop15_10_no_retrain_c1s2_0_5_0_6,0.15625257328965375,0.5544326900251317,0.4974016839331819,0.7544828596308699,0.6984088081583413,0.6969345325190376,10567,714,26214,0.16396300991063775,0.8350709515630992,0.1614766398529505,0.1610513430846183,0.7533690642014685
