,PDQ,avg_pPDQ,avg_spatial,avg_fg,avg_bg,avg_label,TP,FP,FN,mAP,moLRP,moLRPLoc,moLRPFP,moLRPFN
coco_mcdrop75_10_c8s1_0_5_0_6,0.12890938640415933,0.5558741215606537,0.5259594695618636,0.7740117295732256,0.7141770271737832,0.6583752365643228,8631,437,28150,0.1417330200664254,,,,
