,PDQ,avg_pPDQ,avg_spatial,avg_fg,avg_bg,avg_label,TP,FP,FN,mAP,moLRP,moLRPLoc,moLRPFP,moLRPFN
coco_mcdrop75_10_c8s2_0_5_0_6,0.10799165829354568,0.5510545457655659,0.5258333489278324,0.7796386720799678,0.7085655035884049,0.6507687539559119,7270,316,29511,0.11333254986819175,,,,
