,PDQ,avg_pPDQ,avg_spatial,avg_fg,avg_bg,avg_label,TP,FP,FN,mAP,moLRP,moLRPLoc,moLRPFP,moLRPFN
coco_mcdrop25_10_no_retrain_c5s3_0_5_0_6,0.10371082494473588,0.502503158189119,0.4277183777459004,0.6995731013496236,0.6648150083069561,0.6782954607848337,7689,474,29092,0.10388137233875827,0.8958764636164407,0.1921914310364449,0.18546591549884822,0.8313015323889715
