,PDQ,avg_pPDQ,avg_spatial,avg_fg,avg_bg,avg_label,TP,FP,FN,mAP,moLRP,moLRPLoc,moLRPFP,moLRPFN
coco_mcdrop75_10_no_retrain_c11s3_0_1_0_6,0.04811780431900152,0.20550328522704994,0.19146950894534825,0.4620025581153739,0.43823848242569885,0.2714729634980574,30823,94859,5958,0.14676242345117832,0.8731241593261615,0.26768077322743783,0.4871172592244187,0.6635468527324916
