,PDQ,avg_pPDQ,avg_spatial,avg_fg,avg_bg,avg_label,TP,FP,FN,mAP,moLRP,moLRPLoc,moLRPFP,moLRPFN
coco_mcdrop50_10_no_retrain_c6s3_0_1_0_6,0.05491131523607573,0.1998670268075891,0.18984654048524,0.50767906602727,0.4520340858083495,0.2973961614263668,12538,8855,24243,0.05386117843989929,,,,
