,PDQ,avg_pPDQ,avg_spatial,avg_fg,avg_bg,avg_label,TP,FP,FN,mAP,moLRP,moLRPLoc,moLRPFP,moLRPFN
coco_mcdrop15_10_no_retrain_c0s3_0_5_0_6,0.11848496642532831,0.5390646837926196,0.4894700853613476,0.7437969576471984,0.6980123158619734,0.681766797163394,8198,517,28583,0.12106023764551771,0.877851854631119,0.16286880627249783,0.17892634157299703,0.8169850512778399
