,PDQ,avg_pPDQ,avg_spatial,avg_fg,avg_bg,avg_label,TP,FP,FN,mAP,moLRP,moLRPLoc,moLRPFP,moLRPFN
coco_mcdrop75_10_no_retrain_c5s5_0_5_0_6,0.022408013836907974,0.37141484445590767,0.26483627132696214,0.5093092302785074,0.5861235340829376,0.5928363794152686,2224,82,34557,0.013567258509162839,,,,
