,PDQ,avg_pPDQ,avg_spatial,avg_fg,avg_bg,avg_label,TP,FP,FN,mAP,moLRP,moLRPLoc,moLRPFP,moLRPFN
coco_mcdrop05_10_no_retrain_c3s1_0_5_0_6,0.17021420344730764,0.533541193000744,0.4790937756072462,0.7645037490140792,0.6689718233061345,0.7107517515483821,12109,1175,24672,0.20640244582402595,0.7948216315481357,0.1511364879426587,0.17515708561544036,0.6997817475215484
