,PDQ,avg_pPDQ,avg_spatial,avg_fg,avg_bg,avg_label,TP,FP,FN,mAP,moLRP,moLRPLoc,moLRPFP,moLRPFN
coco_mcdrop25_10_c14s3_0_1_0_6,0.12885467897589278,0.33987889902185153,0.3540462456369784,0.6662687570243092,0.5881296943056548,0.450637327699694,19511,14683,17270,0.22113414929169783,0.7972335469587113,0.19823948205450462,0.35980510892707396,0.6170132394539574
