,PDQ,avg_pPDQ,avg_spatial,avg_fg,avg_bg,avg_label,TP,FP,FN,mAP,moLRP,moLRPLoc,moLRPFP,moLRPFN
coco_mcdrop75_10_no_retrain_c7s4_0_1_0_6,0.03386651286146208,0.17134062971433153,0.1723197235961622,0.4222106941351685,0.42530829404180437,0.22178382834357585,27659,103154,9122,0.07526081500195422,0.9285301575158524,0.28058846064362225,0.6084676253457101,0.7974330252078556
