,PDQ,avg_pPDQ,avg_spatial,avg_fg,avg_bg,avg_label,TP,FP,FN,mAP,moLRP,moLRPLoc,moLRPFP,moLRPFN
coco_mcdrop10_10_no_retrain_c3s4_0_5_0_6,0.07856330419073561,0.497870393450863,0.44876018506575355,0.7205603249704244,0.679194984732386,0.6680211137902309,5881,488,30900,0.07878178221736723,0.9195931669874309,0.17120986522751055,0.22511003390709491,0.8779502964221247
