,PDQ,avg_pPDQ,avg_spatial,avg_fg,avg_bg,avg_label,TP,FP,FN,mAP,moLRP,moLRPLoc,moLRPFP,moLRPFN
coco_mcdrop25_10_no_retrain_c5s2_0_5_0_6,0.1437549989251705,0.5238539112648558,0.444741869009926,0.7154424627993445,0.6710650302242636,0.694359380443856,10269,640,26512,0.15253401210623016,0.8470135947618186,0.17377444160937755,0.16556850984197696,0.7610475628689524
