,PDQ,avg_pPDQ,avg_spatial,avg_fg,avg_bg,avg_label,TP,FP,FN,mAP,moLRP,moLRPLoc,moLRPFP,moLRPFN
coco_mcdrop75_10_c9s5_0_1_0_6,0.1632063144538714,0.36943533736726764,0.3990875754685678,0.7322076617831915,0.5879826927354702,0.4173350546337823,20519,9666,16262,0.24827552845497838,0.7693532122166795,0.19596585643029948,0.3019416585929188,0.5755332951167199
