,PDQ,avg_pPDQ,avg_spatial,avg_fg,avg_bg,avg_label,TP,FP,FN,mAP,moLRP,moLRPLoc,moLRPFP,moLRPFN
coco_mcdrop50_10_no_retrain_c7s3_0_5_0_6,0.095793475592064,0.4719673781553399,0.38057406591081355,0.6676856963161694,0.6138054244821906,0.6534773933373023,7554,437,29227,0.08593734440611835,0.9122445871307256,0.1971262551548881,0.14908765825765644,0.854436088543465
