,PDQ,avg_pPDQ,avg_spatial,avg_fg,avg_bg,avg_label,TP,FP,FN,mAP,moLRP,moLRPLoc,moLRPFP,moLRPFN
coco_mcdrop15_10_no_retrain_c11s2_0_5_0_6,0.1842734609603121,0.5613742303477428,0.5012053632004185,0.7627014704024491,0.6954174093221274,0.7040147830092977,12344,824,24437,0.20896502841098036,0.7915305494291951,0.1548875360076162,0.13399792929944432,0.6941129052200126
