,PDQ,avg_pPDQ,avg_spatial,avg_fg,avg_bg,avg_label,TP,FP,FN,mAP,moLRP,moLRPLoc,moLRPFP,moLRPFN
coco_mcdrop50_10_no_retrain_c3s5_0_1_0_6,0.07268747509794032,0.24317224366401663,0.2614507775550067,0.5512269623673506,0.5272212173249818,0.30392048391143284,13206,7399,23575,0.06704697969042096,,,,
