,PDQ,avg_pPDQ,avg_spatial,avg_fg,avg_bg,avg_label,TP,FP,FN,mAP,moLRP,moLRPLoc,moLRPFP,moLRPFN
coco_mcdrop75_10_no_retrain_c6s1_0_1_0_6,0.041896866047324274,0.16278551620019321,0.150562961517693,0.40405909660174394,0.39861743109552716,0.23294120509507354,24142,57020,12639,0.07756877316917155,0.9260284202799804,0.2994652845283003,0.5943686235274024,0.7760097993486684
