,PDQ,avg_pPDQ,avg_spatial,avg_fg,avg_bg,avg_label,TP,FP,FN,mAP,moLRP,moLRPLoc,moLRPFP,moLRPFN
coco_mcdrop75_10_no_retrain_c6s3_0_1_0_6,0.032222759268930305,0.1317132989398016,0.12800111539789175,0.36283947069826905,0.38991363990960165,0.19368212923510048,18028,36910,18753,0.03764359824925153,,,,
