,PDQ,avg_pPDQ,avg_spatial,avg_fg,avg_bg,avg_label,TP,FP,FN,mAP,moLRP,moLRPLoc,moLRPFP,moLRPFN
coco_mcdrop05_10_no_retrain_c12s4_0_5_0_6,0.10931847099395504,0.49394632675037053,0.44441776784010445,0.7676837008964803,0.6259243024632399,0.6842004466742694,8308,758,28473,0.10907710277426731,,,,
