,PDQ,avg_pPDQ,avg_spatial,avg_fg,avg_bg,avg_label,TP,FP,FN,mAP,moLRP,moLRPLoc,moLRPFP,moLRPFN
coco_mcdrop50_10_no_retrain_c7s4_0_5_0_6,0.07640517732365874,0.46099940946095175,0.3773741751338182,0.6655966725083055,0.6121427817811591,0.6366836925089534,6158,374,30623,0.06287727201209677,,,,
