,PDQ,avg_pPDQ,avg_spatial,avg_fg,avg_bg,avg_label,TP,FP,FN,mAP,moLRP,moLRPLoc,moLRPFP,moLRPFN
coco_mcdrop20_10_no_retrain_c11s5_0_5_0_6,0.050849155576464085,0.5513913282183664,0.5219314033726612,0.7598403623059957,0.7224469164732866,0.6564200644699083,3403,120,33378,0.04653967546597731,,,,
