,PDQ,avg_pPDQ,avg_spatial,avg_fg,avg_bg,avg_label,TP,FP,FN,mAP,moLRP,moLRPLoc,moLRPFP,moLRPFN
coco_mcdrop25_10_no_retrain_c1s5_0_5_0_6,0.05134981711353676,0.49990835094263925,0.4626469546955926,0.7012867524025475,0.7047379703465335,0.6375871153291359,3805,262,32976,0.03898806348363495,,,,
