,PDQ,avg_pPDQ,avg_spatial,avg_fg,avg_bg,avg_label,TP,FP,FN,mAP,moLRP,moLRPLoc,moLRPFP,moLRPFN
coco_mcdrop10_10_no_retrain_c11s1_0_5_0_6,0.19474026044081652,0.5629417584424643,0.5054754952135739,0.7737254072312338,0.692271243408237,0.7105960549768612,13087,1050,23694,0.22744251231287654,0.7733276924277716,0.14915058763479047,0.14064224982524456,0.6710202737118273
