,PDQ,avg_pPDQ,avg_spatial,avg_fg,avg_bg,avg_label,TP,FP,FN,mAP,moLRP,moLRPLoc,moLRPFP,moLRPFN
coco_mcdrop01_10_no_retrain_c11s2_0_5_0_6,0.14019917404850876,0.44629446882319657,0.3835016027977659,0.7863539449617097,0.527613780617197,0.7164344113069109,11992,1393,24789,0.22198159391817343,0.7798711272809669,0.14234687618717345,0.13647024436181582,0.6872139305682354
