,PDQ,avg_pPDQ,avg_spatial,avg_fg,avg_bg,avg_label,TP,FP,FN,mAP,moLRP,moLRPLoc,moLRPFP,moLRPFN
coco_mcdrop10_10_no_retrain_c1s3_0_5_0_6,0.12598280222041153,0.5436563021577048,0.4990005245275908,0.754499190922574,0.6999922689231518,0.6889509665898591,8661,594,28120,0.12860281673080842,0.8707013271683095,0.16129439466111828,0.17555551069972464,0.8063155492321682
