,PDQ,avg_pPDQ,avg_spatial,avg_fg,avg_bg,avg_label,TP,FP,FN,mAP,moLRP,moLRPLoc,moLRPFP,moLRPFN
coco_mcdrop75_10_c2s3_0_1_0_6,0.1249664700333022,0.34086214778822865,0.38499794148701266,0.6923322291703422,0.600169661152624,0.3873075115219559,16338,7783,20443,0.16708199631483406,0.8415048501406712,0.20769501654911912,0.3793472462845876,0.6932337095042207
