,PDQ,avg_pPDQ,avg_spatial,avg_fg,avg_bg,avg_label,TP,FP,FN,mAP,moLRP,moLRPLoc,moLRPFP,moLRPFN
coco_mcdrop50_10_c6s5_0_1_0_6,0.028254060843615574,0.17696896247792349,0.1867244110164995,0.5567848119060873,0.42575235461926364,0.3110944184345261,6543,4201,30238,0.03114394750412946,0.9636423783958458,0.2917928595973471,0.5738813729185122,0.9006206463275725
