,PDQ,avg_pPDQ,avg_spatial,avg_fg,avg_bg,avg_label,TP,FP,FN,mAP,moLRP,moLRPLoc,moLRPFP,moLRPFN
coco_mcdrop10_10_no_retrain_c7s3_0_5_0_6,0.12260148975698701,0.5321625673707422,0.48920677401147855,0.7617973936296883,0.682009770048247,0.6813823844953719,8638,713,28143,0.12065181644349979,0.878918233562616,0.15771712446078218,0.1877350042741128,0.8172243861280482
