,PDQ,avg_pPDQ,avg_spatial,avg_fg,avg_bg,avg_label,TP,FP,FN,mAP,moLRP,moLRPLoc,moLRPFP,moLRPFN
coco_mcdrop50_10_no_retrain_c14s2_0_5_0_6,0.11964270543123187,0.48357267207654187,0.38807151075640184,0.6548147061774134,0.6386695413810001,0.6658237388432768,9233,537,27548,0.12357604809209136,0.8732542907463108,0.19343813707742183,0.15857233362386372,0.7927521389497051
