,PDQ,avg_pPDQ,avg_spatial,avg_fg,avg_bg,avg_label,TP,FP,FN,mAP,moLRP,moLRPLoc,moLRPFP,moLRPFN
coco_mcdrop25_10_no_retrain_c8s1_0_1_0_6,0.16851574575850195,0.3752350611785753,0.36905378235553776,0.6929044217737916,0.5757129170255538,0.45952870389474254,25275,19499,11506,0.2698149557172639,0.7603599141309104,0.19195939578871138,0.3142146797282858,0.5519252873256739
