,PDQ,avg_pPDQ,avg_spatial,avg_fg,avg_bg,avg_label,TP,FP,FN,mAP,moLRP,moLRPLoc,moLRPFP,moLRPFN
coco_mcdrop15_10_no_retrain_c11s5_0_5_0_6,0.050884721569021185,0.553420072857183,0.5310234374064309,0.7636036376041317,0.7294372895323114,0.658951354925957,3394,132,33387,0.048184245853779485,,,,
