,PDQ,avg_pPDQ,avg_spatial,avg_fg,avg_bg,avg_label,TP,FP,FN,mAP,moLRP,moLRPLoc,moLRPFP,moLRPFN
coco_mcdrop15_10_no_retrain_c5s2_0_5_0_6,0.14876406054486732,0.5301263841130515,0.46222774682307904,0.7357437529056611,0.6751728366434296,0.6988532874664976,10537,768,26244,0.1626237366954822,0.8372428530915794,0.17124167139910026,0.17452537222580985,0.7481852040596684
