,PDQ,avg_pPDQ,avg_spatial,avg_fg,avg_bg,avg_label,TP,FP,FN,mAP,moLRP,moLRPLoc,moLRPFP,moLRPFN
coco_mcdrop50_10_no_retrain_c12s1_0_5_0_6,0.1404401874166234,0.4746842927467323,0.3724884196764367,0.6599990751707681,0.6111235405042883,0.6683650285236346,11106,757,25675,0.14180185478915552,0.8545175893529546,0.19449805304193482,0.14813264175977245,0.7600773237437455
