,PDQ,avg_pPDQ,avg_spatial,avg_fg,avg_bg,avg_label,TP,FP,FN,mAP,moLRP,moLRPLoc,moLRPFP,moLRPFN
coco_mcdrop50_10_no_retrain_c1s4_0_1_0_6,0.09069043615863692,0.2607215776183159,0.27905239837906914,0.5638060527171629,0.5271680751909669,0.3172903591576287,17731,14193,19050,0.09948399575373497,,,,
