,PDQ,avg_pPDQ,avg_spatial,avg_fg,avg_bg,avg_label,TP,FP,FN,mAP,moLRP,moLRPLoc,moLRPFP,moLRPFN
coco_mcdrop75_10_c12s1_0_1_0_6,0.1620231547846592,0.3597711171126748,0.3836674807465015,0.7252342421189034,0.5749503354621617,0.41468993548856203,22155,12414,14626,0.24831621014914584,0.7709360023514873,0.19870756059210776,0.3160084997150102,0.5703669500288424
