,PDQ,avg_pPDQ,avg_spatial,avg_fg,avg_bg,avg_label,TP,FP,FN,mAP,moLRP,moLRPLoc,moLRPFP,moLRPFN
coco_mcdrop75_10_no_retrain_c5s5_0_1_0_6,0.03672307561853714,0.1449857469420359,0.14996465063465692,0.3790344386397248,0.41380443590910326,0.19199463811254255,19300,39417,17481,0.04205419923818808,0.9560036779227138,0.2989851739202277,0.6851726628488007,0.8649170606451317
