,PDQ,avg_pPDQ,avg_spatial,avg_fg,avg_bg,avg_label,TP,FP,FN,mAP,moLRP,moLRPLoc,moLRPFP,moLRPFN
coco_mcdrop50_10_no_retrain_c5s5_0_5_0_6,0.038942713809491235,0.4358184279619329,0.34846310559168986,0.6083855168427001,0.6416239898722979,0.6280584425664592,3299,139,33482,0.029212047847180216,,,,
