,PDQ,avg_pPDQ,avg_spatial,avg_fg,avg_bg,avg_label,TP,FP,FN,mAP,moLRP,moLRPLoc,moLRPFP,moLRPFN
coco_mcdrop50_10_no_retrain_c8s1_0_1_0_6,0.11958430148316078,0.30691210841196964,0.28879572824172395,0.6103706605353885,0.5075254264733617,0.3930694214511148,28184,35553,8597,0.23599927476573013,0.7953124551757825,0.221848442314677,0.36149600080007227,0.5688581628603215
