,PDQ,avg_pPDQ,avg_spatial,avg_fg,avg_bg,avg_label,TP,FP,FN,mAP,moLRP,moLRPLoc,moLRPFP,moLRPFN
coco_mcdrop25_10_no_retrain_c11s2_0_5_0_6,0.17605596410253888,0.5450658939789258,0.4720903458872319,0.739105324983459,0.6800264909567096,0.6964647824382333,12117,733,24664,0.19483838449546598,0.8045526407495253,0.16365201340886762,0.1314414216199851,0.7060038229967089
