,PDQ,avg_pPDQ,avg_spatial,avg_fg,avg_bg,avg_label,TP,FP,FN,mAP,moLRP,moLRPLoc,moLRPFP,moLRPFN
coco_mcdrop25_10_no_retrain_c2s3_0_5_0_6,0.11718680286442038,0.5330654200645092,0.47346698995415737,0.7289455999498782,0.691076966309233,0.677096776842605,8188,465,28593,0.11700335714875425,,,,
