,PDQ,avg_pPDQ,avg_spatial,avg_fg,avg_bg,avg_label,TP,FP,FN,mAP,moLRP,moLRPLoc,moLRPFP,moLRPFN
coco_mcdrop01_10_no_retrain_c6s2_0_5_0_6,0.025360626044831566,0.23230235704712854,0.17264000565653623,0.7229079726775621,0.3069740602321666,0.6704100576747443,4151,1242,32630,0.055525644512423776,0.9418638517617524,0.23625587726338035,0.24391529205855236,0.8888788755062349
