,PDQ,avg_pPDQ,avg_spatial,avg_fg,avg_bg,avg_label,TP,FP,FN,mAP,moLRP,moLRPLoc,moLRPFP,moLRPFN
coco_mcdrop50_10_no_retrain_c14s3_0_5_0_6,0.10949423059454326,0.482703389276643,0.38992009529668054,0.6577383721062617,0.6390940506104369,0.6608276914228352,8441,431,28340,0.11025579997111888,,,,
