,PDQ,avg_pPDQ,avg_spatial,avg_fg,avg_bg,avg_label,TP,FP,FN,mAP,moLRP,moLRPLoc,moLRPFP,moLRPFN
coco_mcdrop15_10_no_retrain_c5s5_0_5_0_6,0.04518214736594257,0.44333335959412273,0.3815134024266282,0.6700466830040579,0.6343375500479134,0.6429302720683684,3774,250,33007,0.0404172206200708,,,,
