,PDQ,avg_pPDQ,avg_spatial,avg_fg,avg_bg,avg_label,TP,FP,FN,mAP,moLRP,moLRPLoc,moLRPFP,moLRPFN
coco_mcdrop25_10_no_retrain_c13s1_0_1_0_6,0.17660075137146933,0.3881969595968033,0.37782021725653375,0.6945682195513361,0.5865316399473284,0.4748937684443313,27195,22998,9586,0.3069814195500557,,,,
