,PDQ,avg_pPDQ,avg_spatial,avg_fg,avg_bg,avg_label,TP,FP,FN,mAP,moLRP,moLRPLoc,moLRPFP,moLRPFN
coco_mcdrop25_10_no_retrain_c9s1_0_1_0_6,0.18043402816929227,0.38562796351995987,0.3759155981389406,0.6986343327200326,0.5813994791811637,0.4710364382084722,26147,19101,10634,0.30220173389504346,0.7335141113306719,0.18731282747769892,0.2969547138098838,0.5128412228740352
