,PDQ,avg_pPDQ,avg_spatial,avg_fg,avg_bg,avg_label,TP,FP,FN,mAP,moLRP,moLRPLoc,moLRPFP,moLRPFN
coco_mcdrop50_10_c6s5_0_5_0_6,0.015427476682357362,0.2901270362135132,0.22791552079579708,0.6614104276720747,0.42983315576195597,0.6003618101138316,1978,417,34803,0.016887805953959816,,,,
