,PDQ,avg_pPDQ,avg_spatial,avg_fg,avg_bg,avg_label,TP,FP,FN,mAP,moLRP,moLRPLoc,moLRPFP,moLRPFN
coco_mcdrop25_10_c12s1_0_5_0_6,0.16438523069668823,0.5242022476692427,0.47724721466870285,0.79661095609371,0.635741998239736,0.7026719443592643,11908,1192,24873,0.20043522926904106,0.8000124889855522,0.15406737303281362,0.1502909260674017,0.7055701807280872
