,PDQ,avg_pPDQ,avg_spatial,avg_fg,avg_bg,avg_label,TP,FP,FN,mAP,moLRP,moLRPLoc,moLRPFP,moLRPFN
coco_mcdrop75_10_c3s4_0_5_0_6,0.06338708150683063,0.5003389674590341,0.47003221786352617,0.7322471616237657,0.6896935236987783,0.6344794494638056,4690,239,32091,0.05763558609507102,,,,
