,PDQ,avg_pPDQ,avg_spatial,avg_fg,avg_bg,avg_label,TP,FP,FN,mAP,moLRP,moLRPLoc,moLRPFP,moLRPFN
coco_mcdrop20_10_no_retrain_c5s2_0_5_0_6,0.14785561475471556,0.5250394491915295,0.45168529871254975,0.7229086789747758,0.672498480551595,0.6935822358179304,10553,693,26228,0.15824327395238325,0.8402207148468944,0.17660518480726234,0.1694710436545227,0.7499535013583369
