,PDQ,avg_pPDQ,avg_spatial,avg_fg,avg_bg,avg_label,TP,FP,FN,mAP,moLRP,moLRPLoc,moLRPFP,moLRPFN
coco_mcdrop05_10_no_retrain_c9s1_0_5_0_6,0.1900307448349876,0.5495839660029691,0.4952997637993492,0.7846507601672607,0.6696133969489255,0.7155883627635146,13130,1192,23651,0.23534637431074515,0.7669607949099196,0.14613922899807977,0.1464948764924465,0.6635898776259425
