,PDQ,avg_pPDQ,avg_spatial,avg_fg,avg_bg,avg_label,TP,FP,FN,mAP,moLRP,moLRPLoc,moLRPFP,moLRPFN
coco_mcdrop10_10_no_retrain_c5s3_0_5_0_6,0.10497983192796981,0.4959620710513157,0.43429337658021955,0.7258724479692762,0.6507868128572226,0.68332979066496,7916,617,28865,0.11153355147760514,0.8868801037933135,0.18062225844303864,0.19497731059923692,0.8215222695151632
