,PDQ,avg_pPDQ,avg_spatial,avg_fg,avg_bg,avg_label,TP,FP,FN,mAP,moLRP,moLRPLoc,moLRPFP,moLRPFN
coco_mcdrop10_10_no_retrain_c10s1_0_5_0_6,0.21061436674979467,0.5550189749123843,0.4941356372176842,0.7701261463988929,0.6823683535411138,0.7120652512111714,14456,1314,22325,0.24714164913414877,0.7542132118297404,0.15305494997829044,0.15078792274165645,0.6357959137129148
