,PDQ,avg_pPDQ,avg_spatial,avg_fg,avg_bg,avg_label,TP,FP,FN,mAP,moLRP,moLRPLoc,moLRPFP,moLRPFN
coco_mcdrop25_10_c5s4_0_1_0_6,0.06539788381540364,0.25639304896735654,0.2660610974811079,0.620683452819653,0.4893207028396068,0.4045863173710115,11297,7509,25484,0.09413933282750345,,,,
