,PDQ,avg_pPDQ,avg_spatial,avg_fg,avg_bg,avg_label,TP,FP,FN,mAP,moLRP,moLRPLoc,moLRPFP,moLRPFN
coco_mcdrop75_10_no_retrain_c2s3_0_5_0_6,0.049283186633267986,0.3843652698511223,0.2761910588998849,0.5377437033309864,0.555305283429573,0.6024555577607275,4749,257,32032,0.03974035401072421,,,,
