,PDQ,avg_pPDQ,avg_spatial,avg_fg,avg_bg,avg_label,TP,FP,FN,mAP,moLRP,moLRPLoc,moLRPFP,moLRPFN
coco_mcdrop75_10_no_retrain_c2s5_0_5_0_6,0.01881170744309202,0.38019450832354396,0.2870497250962153,0.535996776302917,0.5748109112967524,0.5844833495324118,1824,83,34957,0.011029306479169831,,,,
