,PDQ,avg_pPDQ,avg_spatial,avg_fg,avg_bg,avg_label,TP,FP,FN,mAP,moLRP,moLRPLoc,moLRPFP,moLRPFN
coco_mcdrop25_10_no_retrain_c2s4_0_1_0_6,0.10102209906950622,0.3084983184329494,0.346107654111768,0.6355461928642359,0.5941609317120422,0.36485328881983115,14971,8937,21810,0.1131398003665493,0.8887392022530426,0.21020385926550583,0.46420174570829986,0.7773254221099593
