,PDQ,avg_pPDQ,avg_spatial,avg_fg,avg_bg,avg_label,TP,FP,FN,mAP,moLRP,moLRPLoc,moLRPFP,moLRPFN
coco_mcdrop50_10_c7s3_0_5_0_6,0.10580159676119949,0.5186567718474592,0.4894424871382166,0.7760287329486159,0.6683419137313718,0.664022900886223,7625,598,29156,0.106867823605482,,,,
