,PDQ,avg_pPDQ,avg_spatial,avg_fg,avg_bg,avg_label,TP,FP,FN,mAP,moLRP,moLRPLoc,moLRPFP,moLRPFN
coco_mcdrop10_10_no_retrain_c13s3_0_5_0_6,0.17691780291258843,0.5689529411662332,0.5216807135835991,0.7427611281586165,0.7392773150930456,0.7057761062589241,11736,961,25045,0.19632966531702864,0.8041709694308767,0.15667630645290131,0.16850181636479689,0.7089201706300919
