,PDQ,avg_pPDQ,avg_spatial,avg_fg,avg_bg,avg_label,TP,FP,FN,mAP,moLRP,moLRPLoc,moLRPFP,moLRPFN
coco_mcdrop20_10_no_retrain_c5s5_0_5_0_6,0.046122752335968846,0.4516003139435299,0.39086352474790403,0.666531081489785,0.6486177429635689,0.6338631207034702,3780,230,33001,0.04142747590486259,,,,
