,PDQ,avg_pPDQ,avg_spatial,avg_fg,avg_bg,avg_label,TP,FP,FN,mAP,moLRP,moLRPLoc,moLRPFP,moLRPFN
coco_mcdrop50_10_no_retrain_c6s4_0_5_0_6,0.023503488083387064,0.34475207778910955,0.23849948534715346,0.5912606737714124,0.5151246348558814,0.6143204052895544,2516,124,34265,0.018440100128998497,,,,
