,PDQ,avg_pPDQ,avg_spatial,avg_fg,avg_bg,avg_label,TP,FP,FN,mAP,moLRP,moLRPLoc,moLRPFP,moLRPFN
coco_mcdrop75_10_no_retrain_c7s2_0_5_0_6,0.049321086795345616,0.3792025312500063,0.2671396725035831,0.5421719475792444,0.5348665689042287,0.610082240142755,4821,285,31960,0.038403921642938675,,,,
