,PDQ,avg_pPDQ,avg_spatial,avg_fg,avg_bg,avg_label,TP,FP,FN,mAP,moLRP,moLRPLoc,moLRPFP,moLRPFN
coco_mcdrop75_10_c1s5_0_5_0_6,0.04067311871370329,0.5029604907693535,0.48976945148729184,0.734288618063344,0.7042748741294215,0.6179026627285168,2987,156,33794,0.033146267734932476,,,,
