,PDQ,avg_pPDQ,avg_spatial,avg_fg,avg_bg,avg_label,TP,FP,FN,mAP,moLRP,moLRPLoc,moLRPFP,moLRPFN
coco_mcdrop20_10_no_retrain_c3s2_0_5_0_6,0.15308727175890566,0.5402021947419877,0.4713576057637064,0.732518199961179,0.6893913077940514,0.6964157765113602,10637,754,26144,0.16450716942691643,0.8351537628298269,0.1668502652064312,0.17095125871963507,0.751076856032451
