,PDQ,avg_pPDQ,avg_spatial,avg_fg,avg_bg,avg_label,TP,FP,FN,mAP,moLRP,moLRPLoc,moLRPFP,moLRPFN
coco_mcdrop50_10_c14s2_0_5_0_6,0.13837377466362807,0.5442275710211515,0.5098092548428728,0.7656188946285344,0.7022739062596088,0.6858363668757929,9526,685,27255,0.15745703517114498,0.8419645476552929,0.16335696815563713,0.1488193722625884,0.7649036495149574
