,PDQ,avg_pPDQ,avg_spatial,avg_fg,avg_bg,avg_label,TP,FP,FN,mAP,moLRP,moLRPLoc,moLRPFP,moLRPFN
coco_mcdrop75_10_no_retrain_c9s4_0_5_0_6,0.06791801695387265,0.37435524181548496,0.26102234216224546,0.522662785445901,0.5419629934898823,0.6080376814487073,6740,369,30041,0.06198169429266244,,,,
