,PDQ,avg_pPDQ,avg_spatial,avg_fg,avg_bg,avg_label,TP,FP,FN,mAP,moLRP,moLRPLoc,moLRPFP,moLRPFN
coco_mcdrop05_10_no_retrain_c13s1_0_5_0_6,0.19817154700340345,0.5480008904820282,0.49304741299763793,0.7724769114238978,0.6781087764119176,0.7179097718853634,13804,1391,22977,0.24528639866324717,0.7571583602801903,0.1487450087616444,0.15367235591352463,0.6452772433258717
