,PDQ,avg_pPDQ,avg_spatial,avg_fg,avg_bg,avg_label,TP,FP,FN,mAP,moLRP,moLRPLoc,moLRPFP,moLRPFN
coco_mcdrop01_10_no_retrain_c7s4_0_5_0_6,0.06766083750372287,0.37980068687739216,0.32575528153598426,0.7192461088004877,0.5031135369226916,0.6714133792841581,6721,946,30060,0.08960548728582204,,,,
