,PDQ,avg_pPDQ,avg_spatial,avg_fg,avg_bg,avg_label,TP,FP,FN,mAP,moLRP,moLRPLoc,moLRPFP,moLRPFN
coco_mcdrop50_10_c6s3_0_5_0_6,0.02870594563513344,0.3165462851912083,0.251629385720478,0.7115301667833244,0.43308336416833293,0.6380167235501908,3382,513,33399,0.034385892307197324,,,,
