,PDQ,avg_pPDQ,avg_spatial,avg_fg,avg_bg,avg_label,TP,FP,FN,mAP,moLRP,moLRPLoc,moLRPFP,moLRPFN
coco_mcdrop50_10_no_retrain_c7s2_0_1_0_6,0.1019155535110667,0.28173816746970737,0.2810392992244069,0.5957990257766035,0.503163370296744,0.35237698950646384,23462,28078,13319,0.15693625446460643,,,,
