,PDQ,avg_pPDQ,avg_spatial,avg_fg,avg_bg,avg_label,TP,FP,FN,mAP,moLRP,moLRPLoc,moLRPFP,moLRPFN
coco_mcdrop75_10_c5s2_0_5_0_6,0.11393869502932866,0.533161979621951,0.49651549829842084,0.7550911241632535,0.6967657162616039,0.6533235697397064,7947,406,28834,0.12097649006847529,0.8788113128413556,0.16602615623468372,0.11185598571908259,0.8212427485769656
