,PDQ,avg_pPDQ,avg_spatial,avg_fg,avg_bg,avg_label,TP,FP,FN,mAP,moLRP,moLRPLoc,moLRPFP,moLRPFN
coco_mcdrop50_10_no_retrain_c12s5_0_5_0_6,0.0732466429411711,0.4612014473971922,0.36876314961430656,0.6578457624129944,0.6113502252609817,0.6520363605704378,5891,312,30890,0.05709586817787313,,,,
