,PDQ,avg_pPDQ,avg_spatial,avg_fg,avg_bg,avg_label,TP,FP,FN,mAP,moLRP,moLRPLoc,moLRPFP,moLRPFN
coco_mcdrop25_10_no_retrain_c7s4_0_5_0_6,0.09501449437903196,0.5116365757291716,0.4570285772054182,0.729904256692167,0.669905589495091,0.6577878615415165,6920,482,29861,0.08129859189011028,,,,
