,PDQ,avg_pPDQ,avg_spatial,avg_fg,avg_bg,avg_label,TP,FP,FN,mAP,moLRP,moLRPLoc,moLRPFP,moLRPFN
coco_mcdrop25_10_c8s3_0_1_0_6,0.12625599139724414,0.34592225459693293,0.3658981430449754,0.7035952473525092,0.5646949269428649,0.45176384927278623,17263,10517,19518,0.1883220535325413,,,,
