,PDQ,avg_pPDQ,avg_spatial,avg_fg,avg_bg,avg_label,TP,FP,FN,mAP,moLRP,moLRPLoc,moLRPFP,moLRPFN
coco_mcdrop25_10_c11s2_0_1_0_6,0.16618775758387722,0.3841323416100427,0.39099538051657673,0.7358054320885815,0.5725503887872297,0.49380277543459544,21966,13992,14815,0.29493246012752505,0.7342556141518864,0.1793107843354059,0.28592324603741764,0.5348109993394636
