,PDQ,avg_pPDQ,avg_spatial,avg_fg,avg_bg,avg_label,TP,FP,FN,mAP,moLRP,moLRPLoc,moLRPFP,moLRPFN
coco_mcdrop50_10_no_retrain_c8s3_0_1_0_6,0.10953549841730004,0.28858482970241733,0.28587292705519385,0.5993827785018815,0.5098121096899717,0.3599518838774061,22886,23515,13895,0.16128847502259513,0.8533613263526831,0.22976147385077594,0.42249936694437096,0.6815877429836773
