,PDQ,avg_pPDQ,avg_spatial,avg_fg,avg_bg,avg_label,TP,FP,FN,mAP,moLRP,moLRPLoc,moLRPFP,moLRPFN
coco_mcdrop05_10_no_retrain_c13s2_0_5_0_6,0.19647527839662496,0.550000902352594,0.4962464256974822,0.7676018639211483,0.6853768518817718,0.7170102629116953,13615,1332,23166,0.23968969040248572,0.7617742018766561,0.14919231434931562,0.15421896146403824,0.6526804392075352
