,PDQ,avg_pPDQ,avg_spatial,avg_fg,avg_bg,avg_label,TP,FP,FN,mAP,moLRP,moLRPLoc,moLRPFP,moLRPFN
coco_mcdrop01_10_no_retrain_c0s4_0_5_0_6,0.056553143871015385,0.39182502731195923,0.3398133750299554,0.7210011455787004,0.5227426405467049,0.6708737876618931,5408,688,31373,0.07983504208379626,,,,
