,PDQ,avg_pPDQ,avg_spatial,avg_fg,avg_bg,avg_label,TP,FP,FN,mAP,moLRP,moLRPLoc,moLRPFP,moLRPFN
coco_mcdrop50_10_c5s3_0_1_0_6,0.10802278504792924,0.3240401912055664,0.33279710620342556,0.6699153886688625,0.5489759235047343,0.4407494247363733,15342,9241,21439,0.1505753142599597,0.8538731140188665,0.21621020272292496,0.4033440547716932,0.7104478475959561
