,PDQ,avg_pPDQ,avg_spatial,avg_fg,avg_bg,avg_label,TP,FP,FN,mAP,moLRP,moLRPLoc,moLRPFP,moLRPFN
coco_mcdrop05_10_no_retrain_c5s4_0_5_0_6,0.05859628279744143,0.4204224165118751,0.36356698990143105,0.7047760818363404,0.5774263082823569,0.6590590309963853,5203,550,31578,0.06574129137080564,,,,
