,PDQ,avg_pPDQ,avg_spatial,avg_fg,avg_bg,avg_label,TP,FP,FN,mAP,moLRP,moLRPLoc,moLRPFP,moLRPFN
coco_mcdrop15_10_no_retrain_c14s5_0_5_0_6,0.06255925396280555,0.5254184547579916,0.49388036855504264,0.72401287082796,0.7235613118930487,0.6550810819272138,4419,333,32362,0.06218199361903857,,,,
