,PDQ,avg_pPDQ,avg_spatial,avg_fg,avg_bg,avg_label,TP,FP,FN,mAP,moLRP,moLRPLoc,moLRPFP,moLRPFN
coco_mcdrop15_10_no_retrain_c7s1_0_5_0_6,0.1635504983338224,0.548900959282792,0.4907028793629727,0.7613271651149401,0.684491540596661,0.6973004945886532,11217,865,25564,0.17682416760310887,0.8238448156801207,0.15911506519473523,0.16886147128643356,0.735214864766576
