,PDQ,avg_pPDQ,avg_spatial,avg_fg,avg_bg,avg_label,TP,FP,FN,mAP,moLRP,moLRPLoc,moLRPFP,moLRPFN
coco_mcdrop75_10_no_retrain_c6s5_0_5_0_6,0.009267815408696563,0.30011582720562774,0.18597178912099874,0.4960332994096197,0.48854133997869365,0.5921596210046934,1137,38,35644,0.006226607282794402,,,,
