,PDQ,avg_pPDQ,avg_spatial,avg_fg,avg_bg,avg_label,TP,FP,FN,mAP,moLRP,moLRPLoc,moLRPFP,moLRPFN
coco_mcdrop50_10_c3s4_0_5_0_6,0.06890460287939192,0.48391742882089256,0.4489288340980728,0.7374584165897186,0.6548429648988139,0.6574375163760249,5303,462,31478,0.06755582952102787,,,,
