,PDQ,avg_pPDQ,avg_spatial,avg_fg,avg_bg,avg_label,TP,FP,FN,mAP,moLRP,moLRPLoc,moLRPFP,moLRPFN
coco_mcdrop20_10_no_retrain_c7s1_0_5_0_6,0.1615947441130548,0.5419576963977338,0.47790056437788747,0.7516509384228155,0.6766273653003831,0.6904649099551421,11201,785,25580,0.17078047993449916,0.8283263184139468,0.1618398946640987,0.16593366150798164,0.7404919234206735
