,PDQ,avg_pPDQ,avg_spatial,avg_fg,avg_bg,avg_label,TP,FP,FN,mAP,moLRP,moLRPLoc,moLRPFP,moLRPFN
coco_mcdrop50_10_no_retrain_c13s2_0_5_0_6,0.15039208712998745,0.4811779155218059,0.37964591291903027,0.6508511764249717,0.6300097860513165,0.6730877756565391,11755,829,25026,0.16279651341683954,0.834054028558181,0.1890260501568188,0.1470624192818044,0.7293648232118837
