,PDQ,avg_pPDQ,avg_spatial,avg_fg,avg_bg,avg_label,TP,FP,FN,mAP,moLRP,moLRPLoc,moLRPFP,moLRPFN
coco_mcdrop50_10_no_retrain_c0s5_0_1_0_6,0.057730146662394205,0.22399177442729257,0.2665662490760361,0.5416025289699402,0.5355840231359241,0.2633452184150128,11598,8219,25183,0.04664872519158935,0.9496916532153346,0.24381469789428578,0.5921875451756239,0.8851617530189797
