,PDQ,avg_pPDQ,avg_spatial,avg_fg,avg_bg,avg_label,TP,FP,FN,mAP,moLRP,moLRPLoc,moLRPFP,moLRPFN
coco_mcdrop75_10_no_retrain_c10s5_0_5_0_6,0.06935154894346625,0.37562560473487083,0.2619182696295243,0.5239811837933621,0.5454037793082674,0.6118391995922386,6866,407,29915,0.06486784645583318,,,,
