,PDQ,avg_pPDQ,avg_spatial,avg_fg,avg_bg,avg_label,TP,FP,FN,mAP,moLRP,moLRPLoc,moLRPFP,moLRPFN
coco_mcdrop05_10_no_retrain_c13s3_0_5_0_6,0.17247577310836318,0.5573154696172609,0.5133510013350164,0.7456716879538493,0.7254611458422727,0.7091966771768169,11718,1083,25063,0.20083341449212222,0.7999214093614224,0.15258205369953606,0.16951876239274072,0.7058994878810083
