,PDQ,avg_pPDQ,avg_spatial,avg_fg,avg_bg,avg_label,TP,FP,FN,mAP,moLRP,moLRPLoc,moLRPFP,moLRPFN
coco_mcdrop25_10_no_retrain_c12s3_0_5_0_6,0.13369069226870306,0.5171900947650159,0.44613831772046214,0.7341054982957423,0.6548051854649135,0.6803921111386105,9662,597,27119,0.12373249351659911,,,,
