,PDQ,avg_pPDQ,avg_spatial,avg_fg,avg_bg,avg_label,TP,FP,FN,mAP,moLRP,moLRPLoc,moLRPFP,moLRPFN
coco_mcdrop50_10_no_retrain_c13s5_0_5_0_6,0.03757376072564131,0.4871532375162298,0.42735189105302,0.6113241571800966,0.7360829616605545,0.625703109172655,2849,157,33932,0.04427541928498084,,,,
