,PDQ,avg_pPDQ,avg_spatial,avg_fg,avg_bg,avg_label,TP,FP,FN,mAP,moLRP,moLRPLoc,moLRPFP,moLRPFN
coco_mcdrop05_10_no_retrain_c10s3_0_5_0_6,0.1928915984233335,0.5372633582098797,0.4808353671550228,0.7792981105038925,0.6577994892446499,0.7134246555479242,13685,1336,23096,0.23936397385068983,0.7626545352078372,0.14854356159608342,0.1581073147686086,0.6540418725667342
