,PDQ,avg_pPDQ,avg_spatial,avg_fg,avg_bg,avg_label,TP,FP,FN,mAP,moLRP,moLRPLoc,moLRPFP,moLRPFN
coco_mcdrop25_10_c11s4_0_5_0_6,0.10680071064068028,0.5326896102535562,0.5093545692988531,0.8012438694179043,0.6651399223266932,0.6816356658823958,7478,517,29303,0.11940290214146529,,,,
