,PDQ,avg_pPDQ,avg_spatial,avg_fg,avg_bg,avg_label,TP,FP,FN,mAP,moLRP,moLRPLoc,moLRPFP,moLRPFN
coco_mcdrop05_10_no_retrain_c0s1_0_5_0_6,0.1718869018580495,0.5418242494738134,0.4909355808768704,0.7748261201288427,0.6726746593866145,0.7095025548892475,12016,1096,24765,0.2080127950541252,0.7922911495525751,0.14894452764211963,0.1578644163363738,0.6969130663316797
