,PDQ,avg_pPDQ,avg_spatial,avg_fg,avg_bg,avg_label,TP,FP,FN,mAP,moLRP,moLRPLoc,moLRPFP,moLRPFN
coco_mcdrop20_10_no_retrain_c8s2_0_5_0_6,0.14560602693278005,0.5406592336436696,0.4784635976607881,0.7504068905631165,0.6778175504708025,0.6895948208578528,10072,618,26709,0.15032697022209102,0.8493843442986225,0.16316649245391182,0.14676549604306155,0.7724906275751648
