,PDQ,avg_pPDQ,avg_spatial,avg_fg,avg_bg,avg_label,TP,FP,FN,mAP,moLRP,moLRPLoc,moLRPFP,moLRPFN
coco_mcdrop75_10_no_retrain_c7s1_0_5_0_6,0.061394013019484495,0.378526828986611,0.2650603995747898,0.5350149452518242,0.5366070486159047,0.6103448131266745,6029,391,30752,0.054509247040920104,,,,
