,PDQ,avg_pPDQ,avg_spatial,avg_fg,avg_bg,avg_label,TP,FP,FN,mAP,moLRP,moLRPLoc,moLRPFP,moLRPFN
coco_mcdrop75_10_no_retrain_c12s1_0_1_0_6,0.043273101435662105,0.20975380479856576,0.19004166657584262,0.46717870977738574,0.4366331977738739,0.2845081587008438,32633,121398,4148,0.14970416941692755,0.871780560418857,0.274668064063733,0.48854581647848916,0.6450426710712638
