,PDQ,avg_pPDQ,avg_spatial,avg_fg,avg_bg,avg_label,TP,FP,FN,mAP,moLRP,moLRPLoc,moLRPFP,moLRPFN
coco_mcdrop50_10_c2s3_0_5_0_6,0.10738899329418869,0.531438933030979,0.5053927800724225,0.7701752219540642,0.6898778178465069,0.6707403196360487,7548,572,29233,0.11388279043705134,,,,
