,PDQ,avg_pPDQ,avg_spatial,avg_fg,avg_bg,avg_label,TP,FP,FN,mAP,moLRP,moLRPLoc,moLRPFP,moLRPFN
coco_mcdrop50_10_no_retrain_c12s1_0_1_0_6,0.11518410872490957,0.30553689968516373,0.2855598768807762,0.6135141028489526,0.5023198865696105,0.39551311084415314,28949,40009,7832,0.23422646457547688,,,,
