,PDQ,avg_pPDQ,avg_spatial,avg_fg,avg_bg,avg_label,TP,FP,FN,mAP,moLRP,moLRPLoc,moLRPFP,moLRPFN
coco_mcdrop01_10_no_retrain_c14s3_0_5_0_6,0.10513047886603616,0.42182504779037905,0.3597710634555992,0.7273476326891218,0.5431028133113577,0.7021084283415904,9439,1092,27342,0.16172530772089597,0.8378361934148397,0.15530984102205475,0.17225114812997536,0.7595830954022313
