,PDQ,avg_pPDQ,avg_spatial,avg_fg,avg_bg,avg_label,TP,FP,FN,mAP,moLRP,moLRPLoc,moLRPFP,moLRPFN
coco_mcdrop15_10_no_retrain_c0s2_0_5_0_6,0.15195147972668083,0.5504209235718884,0.4948677895716469,0.7537775966006326,0.6966368021053129,0.6952506027100676,10364,761,26417,0.16436786146677698,0.8350584867419674,0.1618489509535828,0.16942163428444446,0.7525289358172602
