,PDQ,avg_pPDQ,avg_spatial,avg_fg,avg_bg,avg_label,TP,FP,FN,mAP,moLRP,moLRPLoc,moLRPFP,moLRPFN
coco_mcdrop75_10_c11s5_0_5_0_6,0.03929952938564112,0.5404968869779572,0.5408160717418808,0.7753410695114434,0.7286262273031991,0.6212488722338433,2679,64,34102,0.034838539782215704,,,,
