,PDQ,avg_pPDQ,avg_spatial,avg_fg,avg_bg,avg_label,TP,FP,FN,mAP,moLRP,moLRPLoc,moLRPFP,moLRPFN
coco_mcdrop75_10_no_retrain_c1s4_0_5_0_6,0.034601307714507507,0.3855186715380562,0.27993382376914144,0.536724542428271,0.565004851781416,0.6022281853259688,3316,165,33465,0.02379816424714847,,,,
