,PDQ,avg_pPDQ,avg_spatial,avg_fg,avg_bg,avg_label,TP,FP,FN,mAP,moLRP,moLRPLoc,moLRPFP,moLRPFN
coco_mcdrop01_10_no_retrain_c5s2_0_5_0_6,0.10628546796970195,0.40256134666228444,0.3339704937772731,0.7550576174886727,0.4868641557986098,0.7124806155389797,10087,1424,26694,0.17147034253358825,0.8283740414179771,0.16579508234475543,0.17927020537902497,0.7388423781027958
