,PDQ,avg_pPDQ,avg_spatial,avg_fg,avg_bg,avg_label,TP,FP,FN,mAP,moLRP,moLRPLoc,moLRPFP,moLRPFN
coco_mcdrop25_10_no_retrain_c2s3_0_1_0_6,0.13697164844076443,0.3476509349287703,0.36577165584965765,0.6615096022167389,0.5976243325390235,0.41430714245775385,19332,12286,17449,0.18212066989987305,0.8296370056505413,0.20111599815784925,0.3995388022984908,0.6720351686307289
