,PDQ,avg_pPDQ,avg_spatial,avg_fg,avg_bg,avg_label,TP,FP,FN,mAP,moLRP,moLRPLoc,moLRPFP,moLRPFN
coco_mcdrop05_10_no_retrain_c1s1_0_5_0_6,0.1760472307630087,0.5396323195314839,0.4878858927575873,0.7764434509439709,0.6681815616832277,0.7097794175755434,12364,1118,24417,0.20900208068202403,0.7910438572880418,0.15274942726661841,0.16426610160522037,0.6919459219888953
