,PDQ,avg_pPDQ,avg_spatial,avg_fg,avg_bg,avg_label,TP,FP,FN,mAP,moLRP,moLRPLoc,moLRPFP,moLRPFN
coco_mcdrop25_10_no_retrain_c6s2_0_1_0_6,0.07029819971522912,0.2444465203316658,0.2258801167072627,0.5967101253732485,0.46746001022559786,0.37468172459231885,12588,6991,24193,0.08194846257599782,,,,
