,PDQ,avg_pPDQ,avg_spatial,avg_fg,avg_bg,avg_label,TP,FP,FN,mAP,moLRP,moLRPLoc,moLRPFP,moLRPFN
coco_mcdrop50_10_no_retrain_c14s1_0_5_0_6,0.13496249541381292,0.4819831363145316,0.3831907382236354,0.6561436967552846,0.631224726844007,0.6707894253061417,10472,617,26309,0.1448257849908206,0.8523425310881871,0.19171774799698132,0.15359572317865194,0.7584382021064922
