,PDQ,avg_pPDQ,avg_spatial,avg_fg,avg_bg,avg_label,TP,FP,FN,mAP,moLRP,moLRPLoc,moLRPFP,moLRPFN
coco_mcdrop20_10_no_retrain_c6s1_0_5_0_6,0.0783102395329056,0.4351853594683961,0.3408201455625467,0.7080667524618679,0.5589075793889279,0.6744779314415211,6705,480,30076,0.08315650843589152,0.9136538948864065,0.22018557735800579,0.22221956224949696,0.8454837181015256
