,PDQ,avg_pPDQ,avg_spatial,avg_fg,avg_bg,avg_label,TP,FP,FN,mAP,moLRP,moLRPLoc,moLRPFP,moLRPFN
coco_mcdrop25_10_c14s2_0_5_0_6,0.14020621726017354,0.5216498064560766,0.4817172814821459,0.7666862040501597,0.6678506448323854,0.6939038069096991,10107,823,26674,0.17164293501367958,0.8282506942797194,0.15634602350398494,0.15539209912446017,0.746732391779279
