,PDQ,avg_pPDQ,avg_spatial,avg_fg,avg_bg,avg_label,TP,FP,FN,mAP,moLRP,moLRPLoc,moLRPFP,moLRPFN
coco_mcdrop50_10_no_retrain_c1s5_0_1_0_6,0.07062622451532408,0.23668958439607024,0.2704819144727069,0.5463189123439782,0.5306277823609449,0.28322631483104765,13897,9792,22884,0.062239994031167714,0.9356758895490447,0.24237268811901683,0.5676208862154094,0.8530461769161157
