,PDQ,avg_pPDQ,avg_spatial,avg_fg,avg_bg,avg_label,TP,FP,FN,mAP,moLRP,moLRPLoc,moLRPFP,moLRPFN
coco_mcdrop25_10_c6s5_0_1_0_6,0.025134680555219183,0.16561015142119562,0.17477390200488502,0.5596951297166775,0.40451278821954006,0.3078931387801167,6276,4571,30505,0.031531752628674255,0.9618515962803402,0.28928612446192636,0.5881662589085496,0.8961157191985076
