,PDQ,avg_pPDQ,avg_spatial,avg_fg,avg_bg,avg_label,TP,FP,FN,mAP,moLRP,moLRPLoc,moLRPFP,moLRPFN
coco_mcdrop50_10_c2s1_0_5_0_6,0.1452644700484891,0.552270444099068,0.5185704469438737,0.784151874574913,0.6947663941782743,0.6880615165451457,9850,667,26931,0.16686208211514955,0.83250668275614,0.1560587260006632,0.1510909055292838,0.7566282648106849
