,PDQ,avg_pPDQ,avg_spatial,avg_fg,avg_bg,avg_label,TP,FP,FN,mAP,moLRP,moLRPLoc,moLRPFP,moLRPFN
coco_mcdrop50_10_no_retrain_c0s2_0_1_0_6,0.11925375922874765,0.2971552306061886,0.28775135366538246,0.5983042172128847,0.5156452108127918,0.3750751821886067,25637,27101,11144,0.20192834501225426,0.8198371423780675,0.22542882421533247,0.3863757986369734,0.6171977928018296
