,PDQ,avg_pPDQ,avg_spatial,avg_fg,avg_bg,avg_label,TP,FP,FN,mAP,moLRP,moLRPLoc,moLRPFP,moLRPFN
coco_mcdrop50_10_c12s1_0_1_0_6,0.16344766830919213,0.3764171239158481,0.38588269409324955,0.7320167002871927,0.5719109544385222,0.4698204895787299,22833,15803,13948,0.269353417588389,0.7544170707403343,0.18655170624703513,0.3093709613171349,0.5557420308617561
