,PDQ,avg_pPDQ,avg_spatial,avg_fg,avg_bg,avg_label,TP,FP,FN,mAP,moLRP,moLRPLoc,moLRPFP,moLRPFN
coco_mcdrop75_10_c7s2_0_5_0_6,0.09018810246453994,0.5404864988473627,0.516920570320296,0.7791899645887919,0.6986311120797901,0.6470903476561544,6180,255,30601,0.08919033919951827,,,,
