,PDQ,avg_pPDQ,avg_spatial,avg_fg,avg_bg,avg_label,TP,FP,FN,mAP,moLRP,moLRPLoc,moLRPFP,moLRPFN
coco_mcdrop50_10_no_retrain_c0s1_0_5_0_6,0.13420855455163058,0.4774042869296429,0.3780825401408691,0.6557943864924474,0.6231140455475256,0.6682093385020889,10519,637,26262,0.1402303964975047,0.8562812976219469,0.19002009135873463,0.16096042850309342,0.7652302438432066
