,PDQ,avg_pPDQ,avg_spatial,avg_fg,avg_bg,avg_label,TP,FP,FN,mAP,moLRP,moLRPLoc,moLRPFP,moLRPFN
coco_mcdrop75_10_c13s3_0_1_0_6,0.16402709520838968,0.3756099965391653,0.41567215535786844,0.6988938213120757,0.636898823673077,0.4131610438584913,20688,10593,16093,0.24056726878470475,0.7782595410301608,0.19745562222496177,0.312855126117677,0.5889327158180974
