,PDQ,avg_pPDQ,avg_spatial,avg_fg,avg_bg,avg_label,TP,FP,FN,mAP,moLRP,moLRPLoc,moLRPFP,moLRPFN
coco_mcdrop50_10_c3s1_0_5_0_6,0.15982180528691112,0.545655999530795,0.5052263974236159,0.7749653434563323,0.6882876507493046,0.6923993453984244,11037,901,25744,0.18348871878912956,0.815717096280116,0.15445918890051955,0.14289505184344667,0.7303956249561842
