,PDQ,avg_pPDQ,avg_spatial,avg_fg,avg_bg,avg_label,TP,FP,FN,mAP,moLRP,moLRPLoc,moLRPFP,moLRPFN
coco_mcdrop25_10_c3s5_0_5_0_6,0.042695680722070674,0.43039328883980027,0.39762509638054905,0.72799705173265,0.6000611470482213,0.6439468344860284,3690,416,33091,0.04390148526380872,,,,
