,PDQ,avg_pPDQ,avg_spatial,avg_fg,avg_bg,avg_label,TP,FP,FN,mAP,moLRP,moLRPLoc,moLRPFP,moLRPFN
coco_mcdrop75_10_c2s1_0_1_0_6,0.15412356414280792,0.36152431331684387,0.39545631616453064,0.7158087347492113,0.5955918353099642,0.4078918257066696,19738,9518,17043,0.22445430765007401,0.7910894663239014,0.20031718376014246,0.3304044233458901,0.6076922600946814
