,PDQ,avg_pPDQ,avg_spatial,avg_fg,avg_bg,avg_label,TP,FP,FN,mAP,moLRP,moLRPLoc,moLRPFP,moLRPFN
coco_mcdrop20_10_no_retrain_c10s4_0_5_0_6,0.189395958849436,0.5439492311866101,0.47273931563195504,0.7448938940930012,0.6774885738445046,0.7002656741291114,13135,943,23646,0.21147237225620977,0.7885952481090174,0.16064529989042498,0.15604411913354957,0.6824139051313644
