,PDQ,avg_pPDQ,avg_spatial,avg_fg,avg_bg,avg_label,TP,FP,FN,mAP,moLRP,moLRPLoc,moLRPFP,moLRPFN
coco_mcdrop75_10_no_retrain_c9s5_0_5_0_6,0.06537270830432905,0.37727679676829573,0.2646834934574487,0.524985518564029,0.5476262743139334,0.6107058957050134,6437,368,30344,0.05878241853970332,,,,
