,PDQ,avg_pPDQ,avg_spatial,avg_fg,avg_bg,avg_label,TP,FP,FN,mAP,moLRP,moLRPLoc,moLRPFP,moLRPFN
coco_mcdrop75_10_no_retrain_c3s4_0_1_0_6,0.046769121114071305,0.16966925265138216,0.16892666768125322,0.4166449652404658,0.42195118152203726,0.22386963215649988,23039,46800,13742,0.0736494284893318,0.927303664919996,0.2765661099781353,0.5976814964271482,0.8017608940882998
