,PDQ,avg_pPDQ,avg_spatial,avg_fg,avg_bg,avg_label,TP,FP,FN,mAP,moLRP,moLRPLoc,moLRPFP,moLRPFN
coco_mcdrop25_10_no_retrain_c2s5_0_1_0_6,0.06320330908363934,0.2641321278169571,0.3292229690276874,0.6065764852940827,0.5984691033605668,0.30340357602712376,10252,6063,26529,0.055745921576419555,0.9404220491194192,0.21516046356914556,0.5439692227648527,0.8776123891805782
