,PDQ,avg_pPDQ,avg_spatial,avg_fg,avg_bg,avg_label,TP,FP,FN,mAP,moLRP,moLRPLoc,moLRPFP,moLRPFN
coco_mcdrop75_10_no_retrain_c3s3_0_1_0_6,0.04898104863638411,0.18487733488925515,0.17721533526347036,0.4365295977663073,0.42712340524938947,0.246148406850141,26812,64420,9969,0.10209436915035615,0.9061601293160226,0.27209373007657356,0.5409885918026612,0.7458563236690278
