,PDQ,avg_pPDQ,avg_spatial,avg_fg,avg_bg,avg_label,TP,FP,FN,mAP,moLRP,moLRPLoc,moLRPFP,moLRPFN
coco_mcdrop25_10_no_retrain_c7s2_0_5_0_6,0.12210818387709449,0.5286345940497571,0.4678518849277762,0.7454299001204377,0.6686008276631059,0.6757294632233238,8614,511,28167,0.11354799060245224,,,,
