,PDQ,avg_pPDQ,avg_spatial,avg_fg,avg_bg,avg_label,TP,FP,FN,mAP,moLRP,moLRPLoc,moLRPFP,moLRPFN
coco_mcdrop25_10_no_retrain_c0s2_0_5_0_6,0.14711029725355307,0.5373323124432501,0.4690986195924725,0.731956501129,0.6839591637580956,0.6884140113254658,10247,647,26534,0.1557597162558154,0.8431015289117003,0.1689105640519673,0.16034674809872593,0.7601114445570403
