,PDQ,avg_pPDQ,avg_spatial,avg_fg,avg_bg,avg_label,TP,FP,FN,mAP,moLRP,moLRPLoc,moLRPFP,moLRPFN
coco_mcdrop01_10_no_retrain_c13s1_0_5_0_6,0.15667571905746003,0.4511980200294059,0.38509176611144436,0.7709369322071765,0.5412739541405219,0.7233657993517986,13405,1823,23376,0.24793245701457628,0.7542704549611594,0.14556734565082624,0.15543772680276347,0.6442381932821609
