,PDQ,avg_pPDQ,avg_spatial,avg_fg,avg_bg,avg_label,TP,FP,FN,mAP,moLRP,moLRPLoc,moLRPFP,moLRPFN
coco_mcdrop10_10_no_retrain_c8s5_0_5_0_6,0.11021855975266506,0.542032545662856,0.4987193188826222,0.7692329446061171,0.6873521673995003,0.6863653526728904,7591,550,29190,0.11170712113439066,,,,
