,PDQ,avg_pPDQ,avg_spatial,avg_fg,avg_bg,avg_label,TP,FP,FN,mAP,moLRP,moLRPLoc,moLRPFP,moLRPFN
coco_mcdrop50_10_no_retrain_c8s2_0_5_0_6,0.11519497998759032,0.47716314906235147,0.3809874055184897,0.6665099047784689,0.6159033656955415,0.6639073186345961,8993,470,27788,0.11246871265957271,,,,
