,PDQ,avg_pPDQ,avg_spatial,avg_fg,avg_bg,avg_label,TP,FP,FN,mAP,moLRP,moLRPLoc,moLRPFP,moLRPFN
coco_mcdrop25_10_no_retrain_c8s3_0_5_0_6,0.12126486400581758,0.5323586153359982,0.4687748898834064,0.7427473229530384,0.6721622771551102,0.6809152557790568,8481,451,28300,0.11926497626579005,0.8799439636419988,0.16556819710459475,0.15512506197882756,0.817181029376615
