,PDQ,avg_pPDQ,avg_spatial,avg_fg,avg_bg,avg_label,TP,FP,FN,mAP,moLRP,moLRPLoc,moLRPFP,moLRPFN
coco_mcdrop10_10_no_retrain_c12s2_0_5_0_6,0.16464898148551582,0.5385141222081488,0.479989198303264,0.7671021322710476,0.6686638428205637,0.6998246989243988,11545,979,25236,0.17445289856163296,,,,
