,PDQ,avg_pPDQ,avg_spatial,avg_fg,avg_bg,avg_label,TP,FP,FN,mAP,moLRP,moLRPLoc,moLRPFP,moLRPFN
coco_mcdrop75_10_no_retrain_c3s2_0_5_0_6,0.06400511805162139,0.37871988389423306,0.26596244454364865,0.523304807492399,0.5555939967322072,0.6112221197008156,6279,372,30502,0.05558436578913033,,,,
