,PDQ,avg_pPDQ,avg_spatial,avg_fg,avg_bg,avg_label,TP,FP,FN,mAP,moLRP,moLRPLoc,moLRPFP,moLRPFN
coco_mcdrop25_10_c7s1_0_5_0_6,0.1443722736527158,0.5227434387410175,0.482176457038655,0.7929839734792298,0.6433842222707968,0.6958482824630551,10422,955,26359,0.17361149302393145,0.8261386362768984,0.15180642443799292,0.16459053274379762,0.7468137148297147
