,PDQ,avg_pPDQ,avg_spatial,avg_fg,avg_bg,avg_label,TP,FP,FN,mAP,moLRP,moLRPLoc,moLRPFP,moLRPFN
coco_mcdrop25_10_no_retrain_c11s1_0_1_0_6,0.17962192972878668,0.387199366919413,0.3788277571775898,0.7007554442203129,0.5831555390301875,0.4718978618233787,25926,19106,10855,0.2983959578347674,0.7345909713003074,0.19078483392105855,0.2972239160212368,0.5102272676524924
