,PDQ,avg_pPDQ,avg_spatial,avg_fg,avg_bg,avg_label,TP,FP,FN,mAP,moLRP,moLRPLoc,moLRPFP,moLRPFN
coco_mcdrop01_10_no_retrain_c14s5_0_5_0_6,0.04366799706964167,0.37906586283079075,0.32483455024007535,0.6570529884327502,0.5599997581522114,0.6632911273498553,4296,511,32485,0.06553525894458148,,,,
