,PDQ,avg_pPDQ,avg_spatial,avg_fg,avg_bg,avg_label,TP,FP,FN,mAP,moLRP,moLRPLoc,moLRPFP,moLRPFN
coco_mcdrop75_10_c11s3_0_5_0_6,0.12215781719656392,0.5594200804053457,0.5355406134136221,0.7795575850982779,0.7194533821933801,0.6522665059116263,8102,322,28679,0.13637495168004357,0.8647525425604025,0.15113842707167505,0.09872648437386693,0.8089651380728722
