,PDQ,avg_pPDQ,avg_spatial,avg_fg,avg_bg,avg_label,TP,FP,FN,mAP,moLRP,moLRPLoc,moLRPFP,moLRPFN
coco_mcdrop75_10_c14s4_0_1_0_6,0.10654473667845828,0.31943729567055656,0.3687462261053595,0.6584459854667336,0.6153403401453503,0.3621583209415474,15150,8641,21631,0.13512413352321936,0.870795495055891,0.21841886739420738,0.41423803584844593,0.7413598612208422
