,PDQ,avg_pPDQ,avg_spatial,avg_fg,avg_bg,avg_label,TP,FP,FN,mAP,moLRP,moLRPLoc,moLRPFP,moLRPFN
coco_mcdrop10_10_no_retrain_c3s3_0_5_0_6,0.11172535320197323,0.5211715616412963,0.4678326897964511,0.734412281654596,0.6861163096111887,0.687372235479874,8027,663,28754,0.11719895244224902,0.8814369182192457,0.1641011369919438,0.20261397429635666,0.8216234877252552
