,PDQ,avg_pPDQ,avg_spatial,avg_fg,avg_bg,avg_label,TP,FP,FN,mAP,moLRP,moLRPLoc,moLRPFP,moLRPFN
coco_mcdrop75_10_c1s3_0_5_0_6,0.0933383304859573,0.5427478191038138,0.5187838551539109,0.7658086904977379,0.7112393980401849,0.6482798790942925,6373,277,30408,0.09333286318898146,,,,
