,PDQ,avg_pPDQ,avg_spatial,avg_fg,avg_bg,avg_label,TP,FP,FN,mAP,moLRP,moLRPLoc,moLRPFP,moLRPFN
coco_ensemble_5_c0s5_0_5_0_6,0.02757079117376946,0.5361908137924057,0.530244483632126,0.8213215649819575,0.6731371779922192,0.6449157065920186,1896,92,34885,0.02476863350107372,,,,
