,PDQ,avg_pPDQ,avg_spatial,avg_fg,avg_bg,avg_label,TP,FP,FN,mAP,moLRP,moLRPLoc,moLRPFP,moLRPFN
coco_ensemble_5_c7s3_0_5_0_6,0.10656454896204458,0.5322080043211743,0.49538606603567165,0.8445158520124219,0.6128925796101424,0.6922432987770575,7454,446,29327,0.11402943182275437,,,,
