,PDQ,avg_pPDQ,avg_spatial,avg_fg,avg_bg,avg_label,TP,FP,FN,mAP,moLRP,moLRPLoc,moLRPFP,moLRPFN
coco_mcdrop25_10_no_retrain_c0s3_0_5_0_6,0.11486604043520768,0.5306517599120738,0.46979086851195456,0.7267663515147834,0.6889859147274685,0.6758285070210788,8063,468,28718,0.11278165055138671,0.8855452415134231,0.16953999754507215,0.1730275767725388,0.8244714621807848
