,PDQ,avg_pPDQ,avg_spatial,avg_fg,avg_bg,avg_label,TP,FP,FN,mAP,moLRP,moLRPLoc,moLRPFP,moLRPFN
coco_mcdrop25_10_no_retrain_c6s1_0_5_0_6,0.0784575175373785,0.43704996292160525,0.33950742936377115,0.6959482533787495,0.5654936412220481,0.6709796645731296,6678,419,30103,0.08099313730496857,0.9153293256487742,0.22357331147293438,0.20958358194117466,0.8469322417745723
