,PDQ,avg_pPDQ,avg_spatial,avg_fg,avg_bg,avg_label,TP,FP,FN,mAP,moLRP,moLRPLoc,moLRPFP,moLRPFN
coco_mcdrop50_10_no_retrain_c8s1_0_5_0_6,0.13606563457533039,0.4763251565564708,0.37607166266671,0.6596856880631693,0.615487947573689,0.6684318681511522,10693,652,26088,0.14048590637725047,0.8564483122680129,0.1912751080258265,0.1593750690473312,0.7650923330208418
