,PDQ,avg_pPDQ,avg_spatial,avg_fg,avg_bg,avg_label,TP,FP,FN,mAP,moLRP,moLRPLoc,moLRPFP,moLRPFN
coco_mcdrop25_10_c9s1_0_1_0_6,0.17132255988348397,0.3868588363701997,0.3901365243513888,0.7392193749799918,0.5705751876252492,0.5007568501089725,22978,15105,13803,0.3122838628484625,0.7207837789473699,0.17820959537963568,0.2946773411517272,0.5115699319584601
