,PDQ,avg_pPDQ,avg_spatial,avg_fg,avg_bg,avg_label,TP,FP,FN,mAP,moLRP,moLRPLoc,moLRPFP,moLRPFN
coco_mcdrop20_10_no_retrain_c1s5_0_5_0_6,0.05166524522114852,0.5019857521919561,0.4680786585901543,0.7116845699937753,0.7031166435069213,0.6393183116519123,3815,286,32966,0.04028725436368832,,,,
