,PDQ,avg_pPDQ,avg_spatial,avg_fg,avg_bg,avg_label,TP,FP,FN,mAP,moLRP,moLRPLoc,moLRPFP,moLRPFN
coco_mcdrop50_10_no_retrain_c14s3_0_1_0_6,0.10177103014697178,0.28843897564659693,0.28615454252262257,0.5826510803336792,0.5259450944370682,0.35800635524669816,26103,37200,10678,0.18981867945611114,0.8316639711628984,0.23319507169055534,0.4035116337813165,0.631436215353403
