,PDQ,avg_pPDQ,avg_spatial,avg_fg,avg_bg,avg_label,TP,FP,FN,mAP,moLRP,moLRPLoc,moLRPFP,moLRPFN
coco_mcdrop25_10_c6s1_0_5_0_6,0.056092921056912416,0.3462652087094277,0.27716151452831084,0.7579385082474531,0.4288774528430672,0.679879060958627,6096,850,30685,0.0846838599336669,,,,
