,PDQ,avg_pPDQ,avg_spatial,avg_fg,avg_bg,avg_label,TP,FP,FN,mAP,moLRP,moLRPLoc,moLRPFP,moLRPFN
coco_mcdrop50_10_no_retrain_c2s2_0_5_0_6,0.10816485054936278,0.4803226442264797,0.3859745494494301,0.6584965646103403,0.6291888915211208,0.6640778937047412,8383,445,28398,0.10838680489246766,,,,
