,PDQ,avg_pPDQ,avg_spatial,avg_fg,avg_bg,avg_label,TP,FP,FN,mAP,moLRP,moLRPLoc,moLRPFP,moLRPFN
coco_mcdrop15_10_no_retrain_c6s1_0_5_0_6,0.07708234175180205,0.42619649986217084,0.33506865678690323,0.7173499839603592,0.54418166894027,0.6764005164873369,6751,546,30030,0.08493341539934327,0.9114669140432191,0.22020626431872264,0.21665260710905876,0.841574493724989
