,PDQ,avg_pPDQ,avg_spatial,avg_fg,avg_bg,avg_label,TP,FP,FN,mAP,moLRP,moLRPLoc,moLRPFP,moLRPFN
coco_mcdrop20_10_no_retrain_c9s5_0_5_0_6,0.1707765165961586,0.5550088905311596,0.4898728342990707,0.7493030063454403,0.6934490029399767,0.6997916471247942,11548,749,25233,0.19038948412126747,0.8097414972700623,0.15796666268724138,0.1416618683720135,0.7183748470773359
