,PDQ,avg_pPDQ,avg_spatial,avg_fg,avg_bg,avg_label,TP,FP,FN,mAP,moLRP,moLRPLoc,moLRPFP,moLRPFN
coco_mcdrop01_10_no_retrain_c2s3_0_5_0_6,0.08888425608731365,0.42157458565293876,0.3655656748917188,0.7454911531321423,0.535056129637347,0.6921359540425455,7956,954,28825,0.1289048346536925,,,,
