,PDQ,avg_pPDQ,avg_spatial,avg_fg,avg_bg,avg_label,TP,FP,FN,mAP,moLRP,moLRPLoc,moLRPFP,moLRPFN
coco_mcdrop10_10_no_retrain_c7s2_0_5_0_6,0.1253143118948702,0.538502368142662,0.4933992675884152,0.7713183909569185,0.6793772220857618,0.6869997976296758,8721,695,28060,0.12702090414646658,0.8730617214938274,0.1557376887145067,0.18005571915382193,0.8092075530700082
