,PDQ,avg_pPDQ,avg_spatial,avg_fg,avg_bg,avg_label,TP,FP,FN,mAP,moLRP,moLRPLoc,moLRPFP,moLRPFN
coco_baseline_c7s3_0_5_0_6,0.049339521381766775,0.23575313671980164,0.15877804616724542,0.6952690178604312,0.2813904621144647,0.6903043994081822,8002,1454,28779,0.12472356054073683,0.8738304071813502,0.1489274767561896,0.1878391704825833,0.8142008091006747
