,PDQ,avg_pPDQ,avg_spatial,avg_fg,avg_bg,avg_label,TP,FP,FN,mAP,moLRP,moLRPLoc,moLRPFP,moLRPFN
coco_mcdrop10_10_no_retrain_c8s3_0_5_0_6,0.12639736739844756,0.5459998506498233,0.4998036650666573,0.7671819654778429,0.6913219595145387,0.6900698912775471,8661,632,28120,0.12949744408118175,,,,
