,PDQ,avg_pPDQ,avg_spatial,avg_fg,avg_bg,avg_label,TP,FP,FN,mAP,moLRP,moLRPLoc,moLRPFP,moLRPFN
coco_mcdrop50_10_no_retrain_c3s2_0_5_0_6,0.12087715065899897,0.4733953748916175,0.37335641100662115,0.6464975684674987,0.6288828861415948,0.6665943592543071,9538,573,27243,0.12273733180485662,0.8741919208551373,0.1947459700883185,0.15585561090096117,0.7943603684534086
