,PDQ,avg_pPDQ,avg_spatial,avg_fg,avg_bg,avg_label,TP,FP,FN,mAP,moLRP,moLRPLoc,moLRPFP,moLRPFN
coco_mcdrop75_10_no_retrain_c0s4_0_1_0_6,0.04168852221985098,0.16484373099577043,0.1693363010866091,0.4107925070277384,0.4229976655697952,0.21289447514086063,24201,58914,12580,0.06882892068364192,0.932626429707045,0.281838861637307,0.6096642782926771,0.8095974973272035
