,PDQ,avg_pPDQ,avg_spatial,avg_fg,avg_bg,avg_label,TP,FP,FN,mAP,moLRP,moLRPLoc,moLRPFP,moLRPFN
coco_mcdrop01_10_no_retrain_c11s4_0_5_0_6,0.08761673883650693,0.4390323582442587,0.3849983082195604,0.7756211273795445,0.5327957682216922,0.6953537618631094,7481,705,29300,0.12659199207129684,,,,
