,PDQ,avg_pPDQ,avg_spatial,avg_fg,avg_bg,avg_label,TP,FP,FN,mAP,moLRP,moLRPLoc,moLRPFP,moLRPFN
coco_mcdrop50_10_c14s1_0_1_0_6,0.16138350457903364,0.3757237925776786,0.39051896015226895,0.7111263163842872,0.5971713006301721,0.46176572721820763,22347,15246,14434,0.26941920126471924,0.7546598856220703,0.18812274992983433,0.29885015894281414,0.5554872304000916
