,PDQ,avg_pPDQ,avg_spatial,avg_fg,avg_bg,avg_label,TP,FP,FN,mAP,moLRP,moLRPLoc,moLRPFP,moLRPFN
coco_mcdrop25_10_no_retrain_c2s5_0_5_0_6,0.038487174979305656,0.4923162230570836,0.45954118177140046,0.6956267879908472,0.706850325236271,0.6261202244816354,2890,187,33891,0.0289207027877885,,,,
