,PDQ,avg_pPDQ,avg_spatial,avg_fg,avg_bg,avg_label,TP,FP,FN,mAP,moLRP,moLRPLoc,moLRPFP,moLRPFN
coco_mcdrop75_10_no_retrain_c9s1_0_1_0_6,0.04710970576207247,0.21611795973236125,0.1945180334505994,0.47211273965118644,0.4420143657551232,0.29097135924699424,32617,112851,4164,0.17086533646715227,0.8562930173329171,0.26840264057100455,0.44356592783974,0.6183870890501352
