,PDQ,avg_pPDQ,avg_spatial,avg_fg,avg_bg,avg_label,TP,FP,FN,mAP,moLRP,moLRPLoc,moLRPFP,moLRPFN
coco_mcdrop50_10_c7s2_0_5_0_6,0.11048205548596808,0.5306234830969602,0.5016719455323009,0.7870836496843533,0.6712117527671055,0.6719854639419048,7779,580,29002,0.11300292316732641,,,,
