,PDQ,avg_pPDQ,avg_spatial,avg_fg,avg_bg,avg_label,TP,FP,FN,mAP,moLRP,moLRPLoc,moLRPFP,moLRPFN
coco_mcdrop75_10_c6s3_0_1_0_6,0.046991470273210545,0.2178912192485636,0.22324830549036667,0.6131065843782479,0.4504644556571886,0.33892411556086904,8869,4343,27912,0.05610433174109967,0.939272429239083,0.27966889726167093,0.5235944564690175,0.8490183812858383
