,PDQ,avg_pPDQ,avg_spatial,avg_fg,avg_bg,avg_label,TP,FP,FN,mAP,moLRP,moLRPLoc,moLRPFP,moLRPFN
coco_mcdrop25_10_no_retrain_c14s4_0_1_0_6,0.11237544911738978,0.325584759569794,0.3520669214724856,0.634550901536101,0.6054723405627249,0.38609871671118684,18665,17297,18116,0.15050958144333337,0.8580938052708079,0.21948405043855218,0.43973264680686813,0.7100918065332087
