,PDQ,avg_pPDQ,avg_spatial,avg_fg,avg_bg,avg_label,TP,FP,FN,mAP,moLRP,moLRPLoc,moLRPFP,moLRPFN
coco_mcdrop50_10_no_retrain_c2s4_0_1_0_6,0.08783074301866772,0.2574408290792091,0.2784550535252507,0.5655363698510483,0.527145120326712,0.31197440869818427,17475,14440,19306,0.0993360384770648,,,,
