,PDQ,avg_pPDQ,avg_spatial,avg_fg,avg_bg,avg_label,TP,FP,FN,mAP,moLRP,moLRPLoc,moLRPFP,moLRPFN
coco_mcdrop75_10_no_retrain_c14s2_0_1_0_6,0.039541316852647675,0.20191579722893305,0.19034722240193422,0.4485566005513374,0.44989093902544364,0.26498358587166126,31902,126125,4879,0.13891698367918406,,,,
