,PDQ,avg_pPDQ,avg_spatial,avg_fg,avg_bg,avg_label,TP,FP,FN,mAP,moLRP,moLRPLoc,moLRPFP,moLRPFN
coco_mcdrop75_10_no_retrain_c1s1_0_5_0_6,0.06850040158742379,0.3791491108113914,0.26475087494243815,0.525835744402038,0.5485813087778761,0.614148986710545,6716,392,30065,0.06439471337985535,0.9329958172267352,0.23131697972760323,0.17045682036238624,0.8762821177836368
