,PDQ,avg_pPDQ,avg_spatial,avg_fg,avg_bg,avg_label,TP,FP,FN,mAP,moLRP,moLRPLoc,moLRPFP,moLRPFN
coco_mcdrop75_10_c14s1_0_1_0_6,0.16042346078589964,0.3622260776123774,0.3903324105486579,0.7103116713031002,0.5966291300218562,0.41153075650098164,21513,11794,15268,0.2486932300701516,0.7709107379075318,0.2016652812530909,0.3143983149199545,0.5685874441368137
