,PDQ,avg_pPDQ,avg_spatial,avg_fg,avg_bg,avg_label,TP,FP,FN,mAP,moLRP,moLRPLoc,moLRPFP,moLRPFN
coco_mcdrop75_10_no_retrain_c12s4_0_1_0_6,0.04027296395571017,0.18054644868778255,0.17321675828053618,0.4395619905712818,0.4186460643006298,0.2432981011741855,27168,85015,9613,0.0871712001793231,,,,
