,PDQ,avg_pPDQ,avg_spatial,avg_fg,avg_bg,avg_label,TP,FP,FN,mAP,moLRP,moLRPLoc,moLRPFP,moLRPFN
coco_mcdrop25_10_no_retrain_c11s5_0_5_0_6,0.04934411336642408,0.5440833881296919,0.505368682318917,0.747273115495217,0.7129378985040035,0.6554959526154671,3345,102,33436,0.04579946148263013,,,,
