,PDQ,avg_pPDQ,avg_spatial,avg_fg,avg_bg,avg_label,TP,FP,FN,mAP,moLRP,moLRPLoc,moLRPFP,moLRPFN
coco_mcdrop50_10_no_retrain_c2s3_0_1_0_6,0.10965027163764034,0.28429933990992856,0.28727326090033123,0.5839877786059658,0.5235702191450763,0.35090944759651194,22391,21274,14390,0.161014320747713,,,,
