,PDQ,avg_pPDQ,avg_spatial,avg_fg,avg_bg,avg_label,TP,FP,FN,mAP,moLRP,moLRPLoc,moLRPFP,moLRPFN
coco_mcdrop75_10_c8s3_0_5_0_6,0.09142717841209497,0.5431668873682152,0.5222186889472539,0.7739566884713834,0.7095740398121722,0.646091888872451,6235,261,30546,0.09188457931865038,,,,
