,PDQ,avg_pPDQ,avg_spatial,avg_fg,avg_bg,avg_label,TP,FP,FN,mAP,moLRP,moLRPLoc,moLRPFP,moLRPFN
coco_mcdrop10_10_no_retrain_c13s4_0_5_0_6,0.1078167064999346,0.5635213814498264,0.5378126965907231,0.7160919960186132,0.7843499750040945,0.6809244829966035,7134,506,29647,0.11325230096295469,,,,
