,PDQ,avg_pPDQ,avg_spatial,avg_fg,avg_bg,avg_label,TP,FP,FN,mAP,moLRP,moLRPLoc,moLRPFP,moLRPFN
coco_mcdrop01_10_no_retrain_c2s1_0_5_0_6,0.12176190136361507,0.43378246554418026,0.3701027294560966,0.763217115093499,0.5276592157742116,0.7103754059873415,10696,1324,26085,0.1916935836656744,0.808863597478744,0.14910000847896837,0.17625807285004166,0.7214419812374174
