,PDQ,avg_pPDQ,avg_spatial,avg_fg,avg_bg,avg_label,TP,FP,FN,mAP,moLRP,moLRPLoc,moLRPFP,moLRPFN
coco_mcdrop25_10_c3s3_0_5_0_6,0.09805209814198161,0.48614098123584937,0.4457163068841543,0.7578464462508581,0.6310249869110626,0.6833734984740601,7569,746,29212,0.11319878059727047,0.8848925643279625,0.16313792099293317,0.19095517112313165,0.829557686001492
