,PDQ,avg_pPDQ,avg_spatial,avg_fg,avg_bg,avg_label,TP,FP,FN,mAP,moLRP,moLRPLoc,moLRPFP,moLRPFN
coco_mcdrop75_10_c11s1_0_5_0_6,0.14168627456326024,0.559027948192056,0.5291722054335984,0.7726745529612886,0.7193804871698702,0.6582880067133078,9437,453,27344,0.16276917159605486,0.8368895007626715,0.1496873836830029,0.09704009106403902,0.7695457441795751
