,PDQ,avg_pPDQ,avg_spatial,avg_fg,avg_bg,avg_label,TP,FP,FN,mAP,moLRP,moLRPLoc,moLRPFP,moLRPFN
coco_mcdrop05_10_no_retrain_c5s1_0_5_0_6,0.17549186138916176,0.5288721383682742,0.47039371481392295,0.7690719404406091,0.6544393105419821,0.7129875701351174,12595,1176,24186,0.2151577546030092,0.7861881979761318,0.1570717627715581,0.1597999754732379,0.6818103157966083
