,PDQ,avg_pPDQ,avg_spatial,avg_fg,avg_bg,avg_label,TP,FP,FN,mAP,moLRP,moLRPLoc,moLRPFP,moLRPFN
coco_mcdrop25_10_no_retrain_c6s1_0_1_0_6,0.09602816096949586,0.283027127070656,0.26171637149593985,0.6263429896873877,0.49285998670719444,0.41056805272108166,15589,9165,21192,0.12389759599830126,0.8782547935590191,0.2496833497970381,0.45219021376409174,0.721397302877507
