,PDQ,avg_pPDQ,avg_spatial,avg_fg,avg_bg,avg_label,TP,FP,FN,mAP,moLRP,moLRPLoc,moLRPFP,moLRPFN
coco_mcdrop75_10_c1s3_0_1_0_6,0.12888862913900426,0.34456829464722116,0.3853435916794309,0.695352377990435,0.5990525199620549,0.3914881215273873,16683,7819,20098,0.16760259412305492,0.8407014314407324,0.20835402869222647,0.3779016651311237,0.6913979534548117
