,PDQ,avg_pPDQ,avg_spatial,avg_fg,avg_bg,avg_label,TP,FP,FN,mAP,moLRP,moLRPLoc,moLRPFP,moLRPFN
coco_mcdrop05_10_no_retrain_c13s4_0_5_0_6,0.10561812632556233,0.5503050791327136,0.5263770170670993,0.7126122455786594,0.7733575805033825,0.6827762390880092,7165,551,29616,0.11559945432817863,,,,
