,PDQ,avg_pPDQ,avg_spatial,avg_fg,avg_bg,avg_label,TP,FP,FN,mAP,moLRP,moLRPLoc,moLRPFP,moLRPFN
coco_mcdrop25_10_c14s5_0_1_0_6,0.06446229860499647,0.27477222090218595,0.307447014280505,0.5802859445389636,0.6045987798255672,0.37598632449997,11077,10435,25704,0.09181255312405345,0.9114605326892017,0.22053048632549072,0.4624404904102377,0.8214745449845106
