,PDQ,avg_pPDQ,avg_spatial,avg_fg,avg_bg,avg_label,TP,FP,FN,mAP,moLRP,moLRPLoc,moLRPFP,moLRPFN
coco_baseline_c0s4_0_5_0_6,0.03261058131569592,0.23480364784859775,0.15965271921306962,0.6610806886132303,0.3084965367339023,0.6726590964764152,5244,977,31537,0.07831896679102585,,,,
