,PDQ,avg_pPDQ,avg_spatial,avg_fg,avg_bg,avg_label,TP,FP,FN,mAP,moLRP,moLRPLoc,moLRPFP,moLRPFN
coco_mcdrop50_10_c14s5_0_1_0_6,0.06767902101470098,0.2884995359633278,0.33358963076305703,0.6031870601635141,0.6213166767179288,0.36238250426409047,10892,9649,25889,0.08500020407256478,0.9183271311447792,0.22722805196015133,0.48677055692593724,0.8345961124797148
