,PDQ,avg_pPDQ,avg_spatial,avg_fg,avg_bg,avg_label,TP,FP,FN,mAP,moLRP,moLRPLoc,moLRPFP,moLRPFN
coco_mcdrop25_10_c9s3_0_5_0_6,0.16708251954883965,0.5442342499378526,0.5044200022553289,0.8022010451755475,0.6626678241264399,0.7027029802786904,11610,1036,25171,0.2101324094171459,0.7908373797907666,0.14555897799483178,0.13509640735820147,0.7017781846146114
