,PDQ,avg_pPDQ,avg_spatial,avg_fg,avg_bg,avg_label,TP,FP,FN,mAP,moLRP,moLRPLoc,moLRPFP,moLRPFN
coco_mcdrop15_10_no_retrain_c12s2_0_5_0_6,0.16544046221287415,0.540255307267869,0.4765915436107419,0.758638584788409,0.6707245814705209,0.6962150601151291,11538,897,25243,0.16956204626145144,0.8296141300275156,0.16508194745878552,0.16223810426875993,0.7404902049836677
