,PDQ,avg_pPDQ,avg_spatial,avg_fg,avg_bg,avg_label,TP,FP,FN,mAP,moLRP,moLRPLoc,moLRPFP,moLRPFN
coco_mcdrop10_10_no_retrain_c11s4_0_5_0_6,0.11599373259316123,0.5582432814116867,0.5206260131056444,0.7804952000464525,0.7023777141482844,0.6873219961522391,7731,426,29050,0.12286608365908046,,,,
