,PDQ,avg_pPDQ,avg_spatial,avg_fg,avg_bg,avg_label,TP,FP,FN,mAP,moLRP,moLRPLoc,moLRPFP,moLRPFN
coco_mcdrop50_10_no_retrain_c2s2_0_1_0_6,0.11548979651711443,0.2932320694798479,0.289767875101798,0.5914051756229126,0.5218293196963211,0.3660908606646365,24353,25052,12428,0.18581122111685847,,,,
