,PDQ,avg_pPDQ,avg_spatial,avg_fg,avg_bg,avg_label,TP,FP,FN,mAP,moLRP,moLRPLoc,moLRPFP,moLRPFN
coco_mcdrop10_10_no_retrain_c14s1_0_5_0_6,0.1767306071989895,0.5531996479075572,0.4972442796944068,0.7580694198123727,0.6978595346271734,0.7060630564134935,12052,944,24729,0.2045850315155994,0.7960894411427846,0.15828291390596708,0.1529847377183717,0.6977489716918935
