,PDQ,avg_pPDQ,avg_spatial,avg_fg,avg_bg,avg_label,TP,FP,FN,mAP,moLRP,moLRPLoc,moLRPFP,moLRPFN
coco_mcdrop20_10_no_retrain_c12s5_0_5_0_6,0.09013523654161402,0.501422779515845,0.44596895389983626,0.7320558187830273,0.6572966559566235,0.6604972447474108,6682,391,30099,0.07418201660130043,,,,
