,PDQ,avg_pPDQ,avg_spatial,avg_fg,avg_bg,avg_label,TP,FP,FN,mAP,moLRP,moLRPLoc,moLRPFP,moLRPFN
coco_mcdrop20_10_no_retrain_c14s2_0_5_0_6,0.15500947877606408,0.5461336403821719,0.48428189729263127,0.7365791506060582,0.6999226899014305,0.6925521626359474,10634,685,26147,0.1657319872367466,0.8325932129100171,0.16776832960366192,0.16097930830302715,0.7440998880881671
