,PDQ,avg_pPDQ,avg_spatial,avg_fg,avg_bg,avg_label,TP,FP,FN,mAP,moLRP,moLRPLoc,moLRPFP,moLRPFN
coco_mcdrop05_10_no_retrain_c10s4_0_5_0_6,0.18584430301022864,0.5371343313661352,0.4810387889152053,0.7749204837680497,0.6609841917115639,0.7118326599154177,13174,1295,23607,0.22847184201464302,0.7736535247057044,0.1487549814500896,0.16246870583906523,0.6696050572603014
