,PDQ,avg_pPDQ,avg_spatial,avg_fg,avg_bg,avg_label,TP,FP,FN,mAP,moLRP,moLRPLoc,moLRPFP,moLRPFN
coco_mcdrop05_10_no_retrain_c9s3_0_5_0_6,0.17923077246773933,0.5503439013421173,0.499464707074736,0.7846945360949751,0.674204487795762,0.7124126389592463,12325,1064,24456,0.22087246718024167,0.7805176699286447,0.1462286027868666,0.14202038230392924,0.6844372774687973
