,PDQ,avg_pPDQ,avg_spatial,avg_fg,avg_bg,avg_label,TP,FP,FN,mAP,moLRP,moLRPLoc,moLRPFP,moLRPFN
coco_mcdrop75_10_no_retrain_c5s3_0_5_0_6,0.048136798005552914,0.37737048631194886,0.26557127357942384,0.5210694411641758,0.5649814754093632,0.6047428298511311,4724,253,32057,0.03682040531628987,,,,
