,PDQ,avg_pPDQ,avg_spatial,avg_fg,avg_bg,avg_label,TP,FP,FN,mAP,moLRP,moLRPLoc,moLRPFP,moLRPFN
coco_mcdrop75_10_no_retrain_c9s2_0_1_0_6,0.04772717978282667,0.21473242311662444,0.1946326395921281,0.46959027099302386,0.4416276852698171,0.2878669315659204,32308,108578,4473,0.16460722279942033,0.8601723206920007,0.2668106203075952,0.4639456540174833,0.6254643877348451
