,PDQ,avg_pPDQ,avg_spatial,avg_fg,avg_bg,avg_label,TP,FP,FN,mAP,moLRP,moLRPLoc,moLRPFP,moLRPFN
coco_mcdrop75_10_c0s5_0_1_0_6,0.0531184331864261,0.2577140103072459,0.3313877798875247,0.6246271584507676,0.5855626167891845,0.3006573583312759,8536,4633,28245,0.04886972477572438,,,,
