,PDQ,avg_pPDQ,avg_spatial,avg_fg,avg_bg,avg_label,TP,FP,FN,mAP,moLRP,moLRPLoc,moLRPFP,moLRPFN
coco_mcdrop50_10_no_retrain_c7s3_0_1_0_6,0.09587216328226247,0.27417163415456075,0.2768430859505828,0.5886909810623858,0.5036628749121097,0.34239669362397307,24102,32145,12679,0.14649327332884068,0.8641835177459074,0.23105822674282175,0.45636508165261375,0.6995067291468767
