,PDQ,avg_pPDQ,avg_spatial,avg_fg,avg_bg,avg_label,TP,FP,FN,mAP,moLRP,moLRPLoc,moLRPFP,moLRPFN
coco_mcdrop01_10_no_retrain_c10s5_0_5_0_6,0.13788159096639965,0.4331858019110478,0.36761535884471525,0.7735135149774317,0.5174576873114433,0.7153967916258286,12221,1614,24560,0.22024514971948295,0.7820679241549893,0.1453718806566007,0.16726370922185935,0.6847645984010021
