,PDQ,avg_pPDQ,avg_spatial,avg_fg,avg_bg,avg_label,TP,FP,FN,mAP,moLRP,moLRPLoc,moLRPFP,moLRPFN
coco_mcdrop50_10_no_retrain_c10s2_0_5_0_6,0.15235514538269296,0.4717103879880085,0.36854123102864184,0.6533795787065513,0.6119827307768687,0.6702244549256354,12151,840,24630,0.1647284646006675,0.8323752438982333,0.19075564012695573,0.16246000693638657,0.7253709419185237
