,PDQ,avg_pPDQ,avg_spatial,avg_fg,avg_bg,avg_label,TP,FP,FN,mAP,moLRP,moLRPLoc,moLRPFP,moLRPFN
coco_mcdrop25_10_c10s3_0_1_0_6,0.16619035831854576,0.3806102698817399,0.378590432342136,0.7367971149833805,0.5572101521373093,0.5015719254405154,23659,17403,13122,0.31394946087452774,0.7206852103687503,0.17857902165282896,0.29149659383091614,0.5088820247291828
