,PDQ,avg_pPDQ,avg_spatial,avg_fg,avg_bg,avg_label,TP,FP,FN,mAP,moLRP,moLRPLoc,moLRPFP,moLRPFN
coco_mcdrop05_10_no_retrain_c12s5_0_5_0_6,0.08502702898973821,0.4724455102901084,0.4331163593384083,0.7561359309962052,0.6180681906824631,0.6635041809855703,6718,547,30063,0.0793171181568556,,,,
