,PDQ,avg_pPDQ,avg_spatial,avg_fg,avg_bg,avg_label,TP,FP,FN,mAP,moLRP,moLRPLoc,moLRPFP,moLRPFN
coco_mcdrop15_10_no_retrain_c12s1_0_5_0_6,0.18513315577885725,0.5484825318539591,0.48280547341118685,0.7604231843375427,0.6771870390814417,0.7035907585889608,12767,1043,24014,0.20097822690084446,0.7985066582460207,0.15920364980925839,0.1596861100994424,0.6977632038991253
