,PDQ,avg_pPDQ,avg_spatial,avg_fg,avg_bg,avg_label,TP,FP,FN,mAP,moLRP,moLRPLoc,moLRPFP,moLRPFN
coco_mcdrop75_10_no_retrain_c6s1_0_5_0_6,0.03745430367766527,0.3538871749477742,0.23733660067678441,0.535329387494435,0.5145740746812019,0.6083816225620721,3913,191,32868,0.029590414184214108,,,,
