,PDQ,avg_pPDQ,avg_spatial,avg_fg,avg_bg,avg_label,TP,FP,FN,mAP,moLRP,moLRPLoc,moLRPFP,moLRPFN
coco_mcdrop50_10_no_retrain_c7s2_0_5_0_6,0.09790908797516262,0.4718820169901684,0.38005630996536743,0.6727354718593757,0.6089982529020994,0.6547907351892115,7727,460,29054,0.0890693305439828,,,,
