,PDQ,avg_pPDQ,avg_spatial,avg_fg,avg_bg,avg_label,TP,FP,FN,mAP,moLRP,moLRPLoc,moLRPFP,moLRPFN
coco_mcdrop01_10_no_retrain_c8s1_0_5_0_6,0.13414533759248928,0.4328311406517768,0.3676437940900377,0.7755659843601708,0.5150299954486665,0.7164017884537698,11872,1525,24909,0.21268983491914678,0.7890643731710436,0.14811312925703285,0.15636503677360894,0.6937055090811233
