,PDQ,avg_pPDQ,avg_spatial,avg_fg,avg_bg,avg_label,TP,FP,FN,mAP,moLRP,moLRPLoc,moLRPFP,moLRPFN
coco_mcdrop25_10_no_retrain_c1s2_0_5_0_6,0.14979235711490696,0.5404168470741203,0.4710403463226331,0.7324385066503315,0.6841840714472034,0.6909680384565934,10369,628,26412,0.1547679810040999,0.8442697601915196,0.16768225351252822,0.1621936183464281,0.7631010809087476
