,PDQ,avg_pPDQ,avg_spatial,avg_fg,avg_bg,avg_label,TP,FP,FN,mAP,moLRP,moLRPLoc,moLRPFP,moLRPFN
coco_mcdrop25_10_no_retrain_c8s2_0_5_0_6,0.14348275157342322,0.5366567920352513,0.4687247434965569,0.7420391004555316,0.6724896202523537,0.686632820248401,9993,595,26788,0.14336357567803495,0.8555965860182153,0.1695993838513407,0.1524545747618076,0.7787871958155794
