,PDQ,avg_pPDQ,avg_spatial,avg_fg,avg_bg,avg_label,TP,FP,FN,mAP,moLRP,moLRPLoc,moLRPFP,moLRPFN
coco_mcdrop75_10_c12s4_0_5_0_6,0.08697518136467333,0.5332213336419689,0.5042457352129608,0.7687587106778253,0.693224776497389,0.6450070255188955,6043,267,30738,0.07697692536325622,,,,
