,PDQ,avg_pPDQ,avg_spatial,avg_fg,avg_bg,avg_label,TP,FP,FN,mAP,moLRP,moLRPLoc,moLRPFP,moLRPFN
coco_mcdrop25_10_no_retrain_c14s3_0_1_0_6,0.1415580581814795,0.3513982297949037,0.36241183427899437,0.6611206237955001,0.5960283948420287,0.42197860576837015,22819,19864,13962,0.2194038051167882,0.8024234683261848,0.20549775370226514,0.35947121224166806,0.6125207639490872
