,PDQ,avg_pPDQ,avg_spatial,avg_fg,avg_bg,avg_label,TP,FP,FN,mAP,moLRP,moLRPLoc,moLRPFP,moLRPFN
coco_mcdrop10_10_no_retrain_c6s5_0_5_0_6,0.01754461331663912,0.30071855666342695,0.2212463943940687,0.6019543002177429,0.48576760586227435,0.616983712681765,2168,379,34613,0.01821884443968115,,,,
