,PDQ,avg_pPDQ,avg_spatial,avg_fg,avg_bg,avg_label,TP,FP,FN,mAP,moLRP,moLRPLoc,moLRPFP,moLRPFN
coco_mcdrop01_10_no_retrain_c14s1_0_5_0_6,0.13165180652625497,0.4305982051683005,0.3643155113113852,0.7517648809506939,0.5296607292913711,0.7147559138343502,11683,1431,25098,0.21209635998697182,,,,
