,PDQ,avg_pPDQ,avg_spatial,avg_fg,avg_bg,avg_label,TP,FP,FN,mAP,moLRP,moLRPLoc,moLRPFP,moLRPFN
coco_mcdrop01_10_no_retrain_c0s5_0_5_0_6,0.02598922137940695,0.35422699022328047,0.314536922553942,0.6862021870146399,0.5209422293078165,0.63190331747018,2728,401,34053,0.0317182685561162,,,,
