,PDQ,avg_pPDQ,avg_spatial,avg_fg,avg_bg,avg_label,TP,FP,FN,mAP,moLRP,moLRPLoc,moLRPFP,moLRPFN
coco_mcdrop25_10_no_retrain_c7s3_0_5_0_6,0.1193541212521491,0.5207520701548206,0.4599200183612721,0.7384828185645219,0.6656460736399499,0.6717137792051953,8560,567,28221,0.11229406015492101,0.887081454373635,0.1695688915132679,0.19045249764795666,0.8254868516394174
