,PDQ,avg_pPDQ,avg_spatial,avg_fg,avg_bg,avg_label,TP,FP,FN,mAP,moLRP,moLRPLoc,moLRPFP,moLRPFN
coco_mcdrop50_10_c8s2_0_5_0_6,0.13307447219867563,0.5440406078183422,0.5143293941663302,0.7881009027192833,0.6860572431451051,0.6787547855711108,9168,700,27613,0.14625469869677665,0.8533848319810715,0.15235052029362062,0.14138186443938797,0.7864468770372028
