,PDQ,avg_pPDQ,avg_spatial,avg_fg,avg_bg,avg_label,TP,FP,FN,mAP,moLRP,moLRPLoc,moLRPFP,moLRPFN
coco_mcdrop50_10_no_retrain_c6s3_0_5_0_6,0.03332094157602555,0.36663950872321865,0.2590569834612607,0.6076050169805887,0.5244427465164214,0.6299568609228583,3358,168,33423,0.027663078838928403,,,,
