,PDQ,avg_pPDQ,avg_spatial,avg_fg,avg_bg,avg_label,TP,FP,FN,mAP,moLRP,moLRPLoc,moLRPFP,moLRPFN
coco_mcdrop50_10_c10s3_0_5_0_6,0.17808333649936012,0.5516058363093704,0.5104221143878874,0.7886307643769217,0.6831645305039453,0.692959783326407,12200,1008,24581,0.21345552871712942,0.7864363089563392,0.15144447688065293,0.13828706732049265,0.6907020987435472
