,PDQ,avg_pPDQ,avg_spatial,avg_fg,avg_bg,avg_label,TP,FP,FN,mAP,moLRP,moLRPLoc,moLRPFP,moLRPFN
coco_mcdrop50_10_c3s4_0_1_0_6,0.08841124553531686,0.31585422937190955,0.342822206877869,0.6616907831883976,0.5732559095202265,0.4134583670532877,12025,6179,24756,0.10779741911423824,0.8905723929726029,0.21320532625841507,0.4692255022032359,0.7840127002311893
