,PDQ,avg_pPDQ,avg_spatial,avg_fg,avg_bg,avg_label,TP,FP,FN,mAP,moLRP,moLRPLoc,moLRPFP,moLRPFN
coco_mcdrop50_10_c5s4_0_5_0_6,0.05770292591559358,0.43688519950899285,0.3912265375423218,0.719049609747509,0.5973916697822161,0.6522035868715313,4917,447,31864,0.057588426425502694,,,,
