,PDQ,avg_pPDQ,avg_spatial,avg_fg,avg_bg,avg_label,TP,FP,FN,mAP,moLRP,moLRPLoc,moLRPFP,moLRPFN
coco_mcdrop50_10_c13s4_0_1_0_6,0.11511798509453616,0.35833390031121803,0.41625964210772,0.645325194480775,0.6929585728308122,0.40794417368160585,14749,9129,22032,0.15087183501535353,0.85645424159224,0.1992745381383826,0.38747560173287543,0.7326937071594103
