,PDQ,avg_pPDQ,avg_spatial,avg_fg,avg_bg,avg_label,TP,FP,FN,mAP,moLRP,moLRPLoc,moLRPFP,moLRPFN
coco_mcdrop10_10_no_retrain_c3s5_0_5_0_6,0.05233315231534428,0.4702512970450655,0.42586393770801223,0.702734588581628,0.6664852448043943,0.6449633352467491,4133,357,32648,0.04815351943703789,,,,
