,PDQ,avg_pPDQ,avg_spatial,avg_fg,avg_bg,avg_label,TP,FP,FN,mAP,moLRP,moLRPLoc,moLRPFP,moLRPFN
coco_mcdrop25_10_no_retrain_c2s4_0_5_0_6,0.07545383122417364,0.5149193543805902,0.4652484215438596,0.716282255694262,0.6944971450482456,0.6565903035119008,5441,350,31340,0.06746668179507513,,,,
