,PDQ,avg_pPDQ,avg_spatial,avg_fg,avg_bg,avg_label,TP,FP,FN,mAP,moLRP,moLRPLoc,moLRPFP,moLRPFN
coco_mcdrop01_10_no_retrain_c7s2_0_5_0_6,0.0927412661793539,0.414595764393616,0.3564553780142677,0.7524080059751499,0.5165842156747192,0.6931318735095858,8462,1048,28319,0.13118475771281396,0.8682014543218246,0.15302291821385752,0.171862628549088,0.8042285672635694
