,PDQ,avg_pPDQ,avg_spatial,avg_fg,avg_bg,avg_label,TP,FP,FN,mAP,moLRP,moLRPLoc,moLRPFP,moLRPFN
coco_mcdrop50_10_no_retrain_c1s3_0_5_0_6,0.0974593338082901,0.4790280166950884,0.38586883402664723,0.6519020492718307,0.6361099576657052,0.6605448441790892,7567,412,29214,0.08941436185225837,,,,
