,PDQ,avg_pPDQ,avg_spatial,avg_fg,avg_bg,avg_label,TP,FP,FN,mAP,moLRP,moLRPLoc,moLRPFP,moLRPFN
coco_mcdrop50_10_c7s5_0_1_0_6,0.1035422970626125,0.31885395990018456,0.3529203985904753,0.6839434011362926,0.567032278575054,0.4010534307893396,15518,11006,21263,0.12487923753708703,0.8777031838459599,0.20752232078877092,0.43980870711604825,0.7622401144189332
