,PDQ,avg_pPDQ,avg_spatial,avg_fg,avg_bg,avg_label,TP,FP,FN,mAP,moLRP,moLRPLoc,moLRPFP,moLRPFN
coco_mcdrop50_10_c9s3_0_1_0_6,0.17527981600207238,0.3920889885705821,0.4063930383345733,0.7394776986440094,0.5914929317517376,0.4738486225745245,22306,13116,14475,0.28883641471489585,,,,
