,PDQ,avg_pPDQ,avg_spatial,avg_fg,avg_bg,avg_label,TP,FP,FN,mAP,moLRP,moLRPLoc,moLRPFP,moLRPFN
coco_mcdrop25_10_no_retrain_c0s3_0_1_0_6,0.13471577448360897,0.3431355049457334,0.35861684878048056,0.6597925751698628,0.5896954827991195,0.4119777575242033,19254,12261,17527,0.17968481708599224,0.832804260137423,0.2027156608793899,0.3941871140832247,0.6768083249738888
