,PDQ,avg_pPDQ,avg_spatial,avg_fg,avg_bg,avg_label,TP,FP,FN,mAP,moLRP,moLRPLoc,moLRPFP,moLRPFN
coco_mcdrop50_10_c7s1_0_5_0_6,0.14452288463768048,0.5439584293784813,0.5073314129840583,0.785946594330315,0.6791971671359184,0.68474334009732,9984,797,26797,0.1614953727252077,,,,
