,PDQ,avg_pPDQ,avg_spatial,avg_fg,avg_bg,avg_label,TP,FP,FN,mAP,moLRP,moLRPLoc,moLRPFP,moLRPFN
coco_mcdrop75_10_c2s3_0_5_0_6,0.09018323090248401,0.5410701762712918,0.5210890145050852,0.7640615916927816,0.7165419480192516,0.6415546891177714,6175,267,30606,0.09076136131540138,,,,
