,PDQ,avg_pPDQ,avg_spatial,avg_fg,avg_bg,avg_label,TP,FP,FN,mAP,moLRP,moLRPLoc,moLRPFP,moLRPFN
coco_mcdrop75_10_no_retrain_c9s2_0_5_0_6,0.06995289652728295,0.3772909271201628,0.2631471952119679,0.5265517416418256,0.5433262191103145,0.611192570598196,6892,391,29889,0.06573186788804425,,,,
