,PDQ,avg_pPDQ,avg_spatial,avg_fg,avg_bg,avg_label,TP,FP,FN,mAP,moLRP,moLRPLoc,moLRPFP,moLRPFN
coco_mcdrop15_10_no_retrain_c8s3_0_5_0_6,0.12740730914501813,0.5453880751536485,0.4953340695838578,0.7652478308015628,0.6860465514201647,0.6862034007658988,8715,525,28066,0.12778880098562154,,,,
