,PDQ,avg_pPDQ,avg_spatial,avg_fg,avg_bg,avg_label,TP,FP,FN,mAP,moLRP,moLRPLoc,moLRPFP,moLRPFN
coco_mcdrop25_10_no_retrain_c14s1_0_5_0_6,0.16907867227565962,0.5398834091675007,0.4660937158709008,0.7296725173025331,0.6831335524489713,0.6956079619233735,11751,741,25030,0.18796236622083418,0.8112289240925008,0.1669071162169314,0.14809624039571778,0.712894522411872
