,PDQ,avg_pPDQ,avg_spatial,avg_fg,avg_bg,avg_label,TP,FP,FN,mAP,moLRP,moLRPLoc,moLRPFP,moLRPFN
coco_mcdrop25_10_no_retrain_c11s4_0_5_0_6,0.11111391500745647,0.5445960856755743,0.4875369771492648,0.7485992727318697,0.6896898074895498,0.6795098308620398,7574,341,29207,0.11090953690210355,,,,
