,PDQ,avg_pPDQ,avg_spatial,avg_fg,avg_bg,avg_label,TP,FP,FN,mAP,moLRP,moLRPLoc,moLRPFP,moLRPFN
coco_mcdrop25_10_no_retrain_c1s4_0_5_0_6,0.07887643781290153,0.5213454548427328,0.47092184833930284,0.7152081872696298,0.6996809151640309,0.6596579673282614,5618,352,31163,0.06874484825825555,,,,
