,PDQ,avg_pPDQ,avg_spatial,avg_fg,avg_bg,avg_label,TP,FP,FN,mAP,moLRP,moLRPLoc,moLRPFP,moLRPFN
coco_mcdrop05_10_no_retrain_c7s5_0_5_0_6,0.0961977271969443,0.49778970251849686,0.4579502455967328,0.7571178391857666,0.6467565754311496,0.6751007110345402,7243,699,29538,0.09339477466334566,,,,
