,PDQ,avg_pPDQ,avg_spatial,avg_fg,avg_bg,avg_label,TP,FP,FN,mAP,moLRP,moLRPLoc,moLRPFP,moLRPFN
coco_mcdrop50_10_c12s3_0_5_0_6,0.12034831378528035,0.5215698105719325,0.4839916988763359,0.7803282384539695,0.6583511972463295,0.6737603050913225,8627,607,28154,0.12032343272698066,,,,
