,PDQ,avg_pPDQ,avg_spatial,avg_fg,avg_bg,avg_label,TP,FP,FN,mAP,moLRP,moLRPLoc,moLRPFP,moLRPFN
coco_mcdrop50_10_no_retrain_c11s2_0_5_0_6,0.1381345048511752,0.4824587689734373,0.38281152693400916,0.6592174177241003,0.6246935259611652,0.6697543620618214,10715,643,26066,0.14920723455000104,0.8489285522034887,0.18752160781956803,0.13714449288124628,0.7565427055510288
