,PDQ,avg_pPDQ,avg_spatial,avg_fg,avg_bg,avg_label,TP,FP,FN,mAP,moLRP,moLRPLoc,moLRPFP,moLRPFN
coco_mcdrop20_10_no_retrain_c10s3_0_5_0_6,0.1965885406991326,0.5462655480325306,0.4752749203014381,0.7465302068013037,0.6777391594919591,0.7021868923591497,13603,1018,23178,0.2202956859924043,0.7799382640302405,0.1600862313636737,0.15839257790885636,0.6689533221263491
