,PDQ,avg_pPDQ,avg_spatial,avg_fg,avg_bg,avg_label,TP,FP,FN,mAP,moLRP,moLRPLoc,moLRPFP,moLRPFN
coco_mcdrop25_10_no_retrain_c6s3_0_5_0_6,0.03729562160281308,0.3666545420331727,0.2686525776468474,0.6467291810468274,0.5179350006643594,0.6423542420016676,3770,282,33011,0.0350221101728797,,,,
