,PDQ,avg_pPDQ,avg_spatial,avg_fg,avg_bg,avg_label,TP,FP,FN,mAP,moLRP,moLRPLoc,moLRPFP,moLRPFN
coco_mcdrop15_10_no_retrain_c2s2_0_5_0_6,0.14053392335350948,0.5514216190396161,0.49877955848252614,0.7525844140219581,0.7012031361162632,0.692551853238806,9549,687,27232,0.15081520653938588,,,,
