,PDQ,avg_pPDQ,avg_spatial,avg_fg,avg_bg,avg_label,TP,FP,FN,mAP,moLRP,moLRPLoc,moLRPFP,moLRPFN
coco_mcdrop50_10_c1s4_0_5_0_6,0.07206669246714126,0.5050640100700932,0.48441930270688904,0.7481139628339397,0.6842236139006533,0.6491132984727116,5310,433,31471,0.06713909336764463,,,,
