,PDQ,avg_pPDQ,avg_spatial,avg_fg,avg_bg,avg_label,TP,FP,FN,mAP,moLRP,moLRPLoc,moLRPFP,moLRPFN
coco_mcdrop05_10_no_retrain_c2s1_0_5_0_6,0.1576249794530264,0.5412617373362445,0.4923097673616948,0.7732689095221928,0.6749435571044431,0.7069049911646856,10999,988,25782,0.1892540530918798,0.8113427781375881,0.15138417781877397,0.17141819323887547,0.7236440236804886
