,PDQ,avg_pPDQ,avg_spatial,avg_fg,avg_bg,avg_label,TP,FP,FN,mAP,moLRP,moLRPLoc,moLRPFP,moLRPFN
coco_mcdrop75_10_no_retrain_c8s1_0_1_0_6,0.04527119251891224,0.20930485724251374,0.19099249112210095,0.46511017891219186,0.43886856539097724,0.28137295110883714,32094,111601,4687,0.15076000771307962,0.8701845052699927,0.27040724838124175,0.4744790596606888,0.6502097844234296
