,PDQ,avg_pPDQ,avg_spatial,avg_fg,avg_bg,avg_label,TP,FP,FN,mAP,moLRP,moLRPLoc,moLRPFP,moLRPFN
coco_mcdrop75_10_no_retrain_c9s4_0_1_0_6,0.048164402763250826,0.21173521935945386,0.19303933547860852,0.466738396805956,0.4394757479432044,0.2833754024651292,31947,103661,4834,0.16094492657541073,0.8637858593602686,0.2710029265092359,0.45289526961747734,0.6371847378566947
