,PDQ,avg_pPDQ,avg_spatial,avg_fg,avg_bg,avg_label,TP,FP,FN,mAP,moLRP,moLRPLoc,moLRPFP,moLRPFN
coco_mcdrop75_10_no_retrain_c2s1_0_1_0_6,0.04620728824200835,0.20408773230441726,0.19016099113979218,0.45396768679580857,0.4415325916793797,0.27004226551355465,31263,101301,5518,0.14329827310775875,0.8760523629183435,0.2724342833722677,0.48586126698718807,0.6642206511794304
