,PDQ,avg_pPDQ,avg_spatial,avg_fg,avg_bg,avg_label,TP,FP,FN,mAP,moLRP,moLRPLoc,moLRPFP,moLRPFN
coco_mcdrop75_10_c1s1_0_1_0_6,0.1664104868577261,0.3686918348923136,0.39629484630608086,0.7248198828305268,0.590947165965631,0.41846104901939224,21303,10417,15478,0.24857154726785088,0.7707212887623095,0.1967768160228048,0.30719976783261715,0.5763752374154268
