,PDQ,avg_pPDQ,avg_spatial,avg_fg,avg_bg,avg_label,TP,FP,FN,mAP,moLRP,moLRPLoc,moLRPFP,moLRPFN
coco_mcdrop50_10_no_retrain_c11s1_0_1_0_6,0.12637218130441127,0.3156083547304642,0.29470902492018064,0.6162483156105638,0.5138624183396697,0.4034925418025425,28837,35238,7944,0.2599885873347832,0.774495351665727,0.2178952388271397,0.3348226970776177,0.5352487613738481
