,PDQ,avg_pPDQ,avg_spatial,avg_fg,avg_bg,avg_label,TP,FP,FN,mAP,moLRP,moLRPLoc,moLRPFP,moLRPFN
coco_mcdrop50_10_no_retrain_c14s4_0_1_0_6,0.08265018533019024,0.2670083538174803,0.2800125892854422,0.5634686328842017,0.5297727937338872,0.3259246140208926,21992,34266,14789,0.131629658828897,0.8781689160962639,0.24129943600718035,0.4792443260293534,0.7255759956519887
