,PDQ,avg_pPDQ,avg_spatial,avg_fg,avg_bg,avg_label,TP,FP,FN,mAP,moLRP,moLRPLoc,moLRPFP,moLRPFN
coco_mcdrop05_10_no_retrain_c8s3_0_5_0_6,0.12301238223699315,0.5268526895191927,0.4816070774362674,0.7756697246920783,0.6604845521791808,0.6951357907393808,8755,716,28026,0.1339693443024614,0.8660837037749864,0.15668533278293545,0.15902456442796167,0.801932269956825
