,PDQ,avg_pPDQ,avg_spatial,avg_fg,avg_bg,avg_label,TP,FP,FN,mAP,moLRP,moLRPLoc,moLRPFP,moLRPFN
coco_mcdrop10_10_no_retrain_c10s3_0_5_0_6,0.20025362136787161,0.5544069409544298,0.494724851936241,0.7687830283342401,0.6827937522240183,0.710224013692996,13712,1181,23069,0.23373082004207746,0.7676851435504698,0.151691738586619,0.15396587142203957,0.6581833117340037
