,PDQ,avg_pPDQ,avg_spatial,avg_fg,avg_bg,avg_label,TP,FP,FN,mAP,moLRP,moLRPLoc,moLRPFP,moLRPFN
coco_mcdrop75_10_c7s2_0_1_0_6,0.1243531026218951,0.33659956683068587,0.3774341624375631,0.7078394561653306,0.5797424171732728,0.383709890831857,16900,8964,19881,0.16039828286230104,0.846576161359887,0.20678523153437658,0.3772174616512244,0.7034725541818723
