,PDQ,avg_pPDQ,avg_spatial,avg_fg,avg_bg,avg_label,TP,FP,FN,mAP,moLRP,moLRPLoc,moLRPFP,moLRPFN
coco_mcdrop20_10_no_retrain_c0s3_0_5_0_6,0.11637050320448444,0.5366804923886181,0.4818550662968431,0.7344298800624048,0.696959663011071,0.6793183482029485,8084,501,28697,0.11641808356870237,0.8817554610604492,0.16487864235181468,0.18111554130407745,0.8218993457187065
