,PDQ,avg_pPDQ,avg_spatial,avg_fg,avg_bg,avg_label,TP,FP,FN,mAP,moLRP,moLRPLoc,moLRPFP,moLRPFN
coco_mcdrop75_10_c3s4_0_1_0_6,0.09167020729444696,0.3160745073666015,0.3536243306411812,0.6622439293443991,0.588571514837659,0.38122206552418825,12258,5484,24523,0.10434136081297109,0.8936799546085517,0.21796372761555338,0.444342545176717,0.7941603249875111
