,PDQ,avg_pPDQ,avg_spatial,avg_fg,avg_bg,avg_label,TP,FP,FN,mAP,moLRP,moLRPLoc,moLRPFP,moLRPFN
coco_mcdrop50_10_c0s2_0_5_0_6,0.13725474187105938,0.5436628972906651,0.5109142280686426,0.7802463136424268,0.6898420691023724,0.6829977729586276,9456,674,27325,0.15660962782545315,0.8431627290235442,0.15634642108400015,0.1490170726556289,0.7704288104627807
