,PDQ,avg_pPDQ,avg_spatial,avg_fg,avg_bg,avg_label,TP,FP,FN,mAP,moLRP,moLRPLoc,moLRPFP,moLRPFN
coco_mcdrop15_10_no_retrain_c8s4_0_5_0_6,0.12273826872548617,0.5461538319822515,0.4953095085489831,0.7640949174987413,0.6873953054612764,0.6887800890725375,8387,539,28394,0.12290339979361321,0.877347244149971,0.15576457705768101,0.16170474612216745,0.8175586998180652
