,PDQ,avg_pPDQ,avg_spatial,avg_fg,avg_bg,avg_label,TP,FP,FN,mAP,moLRP,moLRPLoc,moLRPFP,moLRPFN
coco_mcdrop10_10_no_retrain_c0s1_0_5_0_6,0.17873589593368017,0.5549817249438933,0.5005422744324697,0.7663373904701986,0.6934079957373408,0.704097243037552,12148,939,24633,0.20506612288664447,,,,
