,PDQ,avg_pPDQ,avg_spatial,avg_fg,avg_bg,avg_label,TP,FP,FN,mAP,moLRP,moLRPLoc,moLRPFP,moLRPFN
coco_mcdrop15_10_no_retrain_c2s4_0_5_0_6,0.07650824425712464,0.5178098031750406,0.48420216290731977,0.7285353297724484,0.7063507096596382,0.6565260040938029,5492,389,31289,0.07001161008861374,,,,
