,PDQ,avg_pPDQ,avg_spatial,avg_fg,avg_bg,avg_label,TP,FP,FN,mAP,moLRP,moLRPLoc,moLRPFP,moLRPFN
coco_mcdrop15_10_no_retrain_c7s2_0_5_0_6,0.12581772615580933,0.5397274845324996,0.48934870276781095,0.7640322495105067,0.6796505794844203,0.6827485911841791,8728,660,28053,0.12431211650534371,0.8757704523543929,0.1612543345735725,0.16780628171015452,0.8112605819606064
