,PDQ,avg_pPDQ,avg_spatial,avg_fg,avg_bg,avg_label,TP,FP,FN,mAP,moLRP,moLRPLoc,moLRPFP,moLRPFN
coco_mcdrop75_10_no_retrain_c0s4_0_5_0_6,0.03438559915743256,0.3812033755331337,0.2757773657484787,0.5332208068645587,0.5638334533962167,0.5989031683997947,3332,158,33449,0.024530771724008877,,,,
