,PDQ,avg_pPDQ,avg_spatial,avg_fg,avg_bg,avg_label,TP,FP,FN,mAP,moLRP,moLRPLoc,moLRPFP,moLRPFN
coco_mcdrop50_10_no_retrain_c10s5_0_5_0_6,0.1391808627927589,0.4728081787502426,0.3720704209168348,0.6531138936628077,0.6172796080778505,0.666493562718099,11018,648,25763,0.1458916565878083,0.8505585313776427,0.18837254745994791,0.15121710000110986,0.7559799534987347
