,PDQ,avg_pPDQ,avg_spatial,avg_fg,avg_bg,avg_label,TP,FP,FN,mAP,moLRP,moLRPLoc,moLRPFP,moLRPFN
coco_mcdrop75_10_no_retrain_c8s4_0_5_0_6,0.048131484530270746,0.38077534963716964,0.26806876937938723,0.5374239393912131,0.5403458321899086,0.6113719832230103,4682,259,32099,0.03834702482455967,,,,
