,PDQ,avg_pPDQ,avg_spatial,avg_fg,avg_bg,avg_label,TP,FP,FN,mAP,moLRP,moLRPLoc,moLRPFP,moLRPFN
coco_mcdrop75_10_c11s2_0_1_0_6,0.16959084704055957,0.3711291408135751,0.39870413302777286,0.7329727378548628,0.5877158159546588,0.42013806630640366,21531,10337,15250,0.262773485489733,0.7594161364972045,0.195467044734579,0.2934846670369068,0.5586253427778914
