,PDQ,avg_pPDQ,avg_spatial,avg_fg,avg_bg,avg_label,TP,FP,FN,mAP,moLRP,moLRPLoc,moLRPFP,moLRPFN
coco_mcdrop25_10_no_retrain_c7s1_0_1_0_6,0.1542871024967946,0.362486237983153,0.3634569313148316,0.6846688115699285,0.5745736316444442,0.440786984977812,24420,20592,12361,0.2454551043350161,0.7800344867092012,0.19626298232639658,0.3482685352769277,0.5790730268274503
