,PDQ,avg_pPDQ,avg_spatial,avg_fg,avg_bg,avg_label,TP,FP,FN,mAP,moLRP,moLRPLoc,moLRPFP,moLRPFN
coco_mcdrop15_10_no_retrain_c3s4_0_5_0_6,0.07966072560510513,0.5042377515582506,0.4530932619467814,0.7140465950158439,0.6886112444899049,0.6651194397895169,5876,413,30905,0.0772756353787056,0.9215909139285461,0.17344190232183607,0.22186360200056482,0.8803007491035931
