,PDQ,avg_pPDQ,avg_spatial,avg_fg,avg_bg,avg_label,TP,FP,FN,mAP,moLRP,moLRPLoc,moLRPFP,moLRPFN
coco_mcdrop05_10_no_retrain_c12s3_0_5_0_6,0.12965234996281824,0.5058686070903368,0.45206159235863436,0.7706499018668634,0.631241266833966,0.694243079110651,9647,859,27134,0.13793566169020563,,,,
