,PDQ,avg_pPDQ,avg_spatial,avg_fg,avg_bg,avg_label,TP,FP,FN,mAP,moLRP,moLRPLoc,moLRPFP,moLRPFN
coco_mcdrop75_10_no_retrain_c13s3_0_5_0_6,0.0667569580018198,0.38832526649806226,0.27539029141739896,0.516515402689007,0.5738627209317034,0.6135897199549224,6388,378,30393,0.06111225491465387,,,,
