,PDQ,avg_pPDQ,avg_spatial,avg_fg,avg_bg,avg_label,TP,FP,FN,mAP,moLRP,moLRPLoc,moLRPFP,moLRPFN
coco_mcdrop50_10_c10s4_0_1_0_6,0.17180766415964382,0.38720008053864563,0.3975367434673855,0.7364193531969383,0.5823024454969687,0.4759842989730451,23348,15838,13433,0.2930133853884867,0.7368526290284927,0.1829280718260246,0.29812222677156586,0.528443595304589
