,PDQ,avg_pPDQ,avg_spatial,avg_fg,avg_bg,avg_label,TP,FP,FN,mAP,moLRP,moLRPLoc,moLRPFP,moLRPFN
coco_mcdrop25_10_no_retrain_c12s5_0_5_0_6,0.08845656315860004,0.49699959487930906,0.43515768916730946,0.7223180466919182,0.651642731605554,0.6593274579614996,6612,369,30169,0.07049293454182222,,,,
