,PDQ,avg_pPDQ,avg_spatial,avg_fg,avg_bg,avg_label,TP,FP,FN,mAP,moLRP,moLRPLoc,moLRPFP,moLRPFN
coco_mcdrop75_10_no_retrain_c6s2_0_1_0_6,0.03655195303342788,0.143986779550253,0.1372260499032145,0.38113484693495675,0.39072515750769204,0.2093914010035134,20374,43477,16407,0.04980636215383098,0.9482426809273903,0.30757854382104527,0.6387116354021165,0.8334800676365969
