,PDQ,avg_pPDQ,avg_spatial,avg_fg,avg_bg,avg_label,TP,FP,FN,mAP,moLRP,moLRPLoc,moLRPFP,moLRPFN
coco_mcdrop25_10_no_retrain_c9s2_0_1_0_6,0.1792909878642345,0.3849018506351388,0.3771993671058092,0.6984118216913678,0.5831613855717537,0.4692312815530493,25545,18059,11236,0.29363559390380184,0.7388648872238133,0.19097283865657982,0.3036114812034434,0.5185987491629032
