,PDQ,avg_pPDQ,avg_spatial,avg_fg,avg_bg,avg_label,TP,FP,FN,mAP,moLRP,moLRPLoc,moLRPFP,moLRPFN
coco_mcdrop75_10_c12s2_0_1_0_6,0.14979898232697653,0.3502304432857036,0.37638394422026433,0.7198578121452354,0.5700848753120981,0.40685461726748323,20559,11286,16222,0.21226716010763813,0.8029205524503725,0.20333795220662335,0.3387367661708022,0.6234549758066836
