,PDQ,avg_pPDQ,avg_spatial,avg_fg,avg_bg,avg_label,TP,FP,FN,mAP,moLRP,moLRPLoc,moLRPFP,moLRPFN
coco_mcdrop50_10_no_retrain_c11s1_0_5_0_6,0.14530835149129231,0.4783656554230061,0.3768568969926155,0.6577716274745387,0.6189654448350312,0.6707206764397844,11391,719,25390,0.15618530176991588,0.8408090678430888,0.19249650856673176,0.135746993611705,0.741001614751506
