,PDQ,avg_pPDQ,avg_spatial,avg_fg,avg_bg,avg_label,TP,FP,FN,mAP,moLRP,moLRPLoc,moLRPFP,moLRPFN
coco_mcdrop10_10_no_retrain_c6s2_0_5_0_6,0.045811318256703884,0.3591584258033458,0.27146689244814964,0.699944344608004,0.4787778663575161,0.6647717958612368,4761,545,32020,0.05371492206996528,,,,
