,PDQ,avg_pPDQ,avg_spatial,avg_fg,avg_bg,avg_label,TP,FP,FN,mAP,moLRP,moLRPLoc,moLRPFP,moLRPFN
coco_mcdrop25_10_no_retrain_c1s3_0_1_0_6,0.14053439074361507,0.3498182962161666,0.36323439171346,0.6638895506591964,0.5924198909432935,0.41999837358812675,19816,12545,16965,0.1813227341508864,0.8314521643796742,0.20587963807022613,0.3963221465860827,0.6697964633047573
