,PDQ,avg_pPDQ,avg_spatial,avg_fg,avg_bg,avg_label,TP,FP,FN,mAP,moLRP,moLRPLoc,moLRPFP,moLRPFN
coco_mcdrop50_10_c8s3_0_1_0_6,0.13351285884432748,0.3568073932818004,0.38520174904210225,0.7136803442920957,0.5857658525773457,0.43600654302665165,17500,9987,19281,0.1841736478464608,0.8265704039440841,0.19506238897546935,0.3660588328777745,0.674908890861448
