,PDQ,avg_pPDQ,avg_spatial,avg_fg,avg_bg,avg_label,TP,FP,FN,mAP,moLRP,moLRPLoc,moLRPFP,moLRPFN
coco_mcdrop01_10_no_retrain_c8s2_0_5_0_6,0.11031375627666083,0.4268902579866291,0.3646054611983184,0.7688796583250209,0.5185175372247903,0.7064147625654155,9799,1139,26982,0.16555398105242855,0.8357562717002052,0.1461847719046434,0.16187651076294754,0.7618842384060308
