,PDQ,avg_pPDQ,avg_spatial,avg_fg,avg_bg,avg_label,TP,FP,FN,mAP,moLRP,moLRPLoc,moLRPFP,moLRPFN
coco_mcdrop75_10_no_retrain_c10s2_0_5_0_6,0.07471207233921022,0.373179433378744,0.25836050542396105,0.5208816930749632,0.5411358615239803,0.6119888760524357,7453,446,29328,0.070862514770707,0.9257194415779505,0.2349296366119876,0.18356915488720021,0.8604769448608213
