,PDQ,avg_pPDQ,avg_spatial,avg_fg,avg_bg,avg_label,TP,FP,FN,mAP,moLRP,moLRPLoc,moLRPFP,moLRPFN
coco_mcdrop15_10_no_retrain_c7s3_0_5_0_6,0.12383040340202295,0.5298855133242344,0.48162520969905176,0.7530932644558258,0.682074185796065,0.6745988452486276,8756,687,28025,0.11815482763211319,0.880507438174311,0.16513313601408322,0.1923053486999661,0.8176379550646591
