,PDQ,avg_pPDQ,avg_spatial,avg_fg,avg_bg,avg_label,TP,FP,FN,mAP,moLRP,moLRPLoc,moLRPFP,moLRPFN
coco_mcdrop20_10_no_retrain_c12s4_0_5_0_6,0.11577191144906561,0.5158684586760647,0.45266928521642036,0.7390625679341944,0.6595737746138531,0.6758600901563012,8368,506,28413,0.10236979964970379,,,,
