,PDQ,avg_pPDQ,avg_spatial,avg_fg,avg_bg,avg_label,TP,FP,FN,mAP,moLRP,moLRPLoc,moLRPFP,moLRPFN
coco_mcdrop50_10_c13s2_0_1_0_6,0.1794929055420233,0.39726981480347323,0.40827903846687535,0.7255093336569546,0.6056301456991564,0.48081755959817435,23883,16079,12898,0.30370035301719855,0.727323425373957,0.18237392118327594,0.2823183397040688,0.5182870784918674
