,PDQ,avg_pPDQ,avg_spatial,avg_fg,avg_bg,avg_label,TP,FP,FN,mAP,moLRP,moLRPLoc,moLRPFP,moLRPFN
coco_mcdrop15_10_no_retrain_c10s1_0_5_0_6,0.20978133293501702,0.553480825029009,0.48658498008965934,0.7604198951157539,0.6803792710604456,0.7086005588892457,14407,1230,22374,0.24060293126691745,0.7595569648213912,0.15530764388946672,0.14959969329119893,0.6416622577342925
