,PDQ,avg_pPDQ,avg_spatial,avg_fg,avg_bg,avg_label,TP,FP,FN,mAP,moLRP,moLRPLoc,moLRPFP,moLRPFN
coco_mcdrop01_10_no_retrain_c1s2_0_5_0_6,0.11710946004703988,0.4334030494244763,0.3733701035148258,0.7607318998555249,0.5332760278924696,0.7071078645001598,10272,1234,26509,0.1738454978731932,0.8263111550897204,0.15037956131877972,0.17154489699273823,0.7454630337395721
