,PDQ,avg_pPDQ,avg_spatial,avg_fg,avg_bg,avg_label,TP,FP,FN,mAP,moLRP,moLRPLoc,moLRPFP,moLRPFN
coco_mcdrop50_10_no_retrain_c13s1_0_1_0_6,0.1211898158568091,0.3195707520170528,0.2973818060194066,0.6129655578545934,0.5205634905092658,0.40911908040314904,29921,42119,6860,0.2624167392584304,0.7736326943659405,0.21791340573096585,0.3533931627936149,0.5275825862994354
