,PDQ,avg_pPDQ,avg_spatial,avg_fg,avg_bg,avg_label,TP,FP,FN,mAP,moLRP,moLRPLoc,moLRPFP,moLRPFN
coco_mcdrop25_10_no_retrain_c14s2_0_1_0_6,0.15136184336395428,0.3601661171732205,0.3654213667020054,0.6678559933807287,0.5944702460601761,0.43435097691311836,24034,20408,12747,0.241420816556406,0.7834969111088546,0.20110466698967117,0.33777100664915954,0.5891361286539076
