,PDQ,avg_pPDQ,avg_spatial,avg_fg,avg_bg,avg_label,TP,FP,FN,mAP,moLRP,moLRPLoc,moLRPFP,moLRPFN
coco_mcdrop20_10_no_retrain_c13s1_0_5_0_6,0.20077305121024974,0.5542859218313605,0.4834835345992026,0.7430597973774159,0.6923327692836675,0.7071075989546174,13710,1069,23071,0.22597606185274074,0.7742530834850374,0.16000457629266499,0.14814159442425995,0.66096139565307
