,PDQ,avg_pPDQ,avg_spatial,avg_fg,avg_bg,avg_label,TP,FP,FN,mAP,moLRP,moLRPLoc,moLRPFP,moLRPFN
coco_mcdrop75_10_no_retrain_c1s5_0_5_0_6,0.02406190183862795,0.3922206959890887,0.29181082320855983,0.5374099780277399,0.585114232296971,0.5990650678860946,2263,107,34518,0.014628150475531558,,,,
