,PDQ,avg_pPDQ,avg_spatial,avg_fg,avg_bg,avg_label,TP,FP,FN,mAP,moLRP,moLRPLoc,moLRPFP,moLRPFN
coco_mcdrop75_10_no_retrain_c13s1_0_1_0_6,0.04467562655728138,0.2195279879870446,0.19730333455643634,0.47216748251071633,0.4491760625342987,0.2951913850966025,33314,126918,3467,0.1709719560531284,0.8572368234871345,0.2706842191358607,0.46163157226329743,0.6122833238118803
