,PDQ,avg_pPDQ,avg_spatial,avg_fg,avg_bg,avg_label,TP,FP,FN,mAP,moLRP,moLRPLoc,moLRPFP,moLRPFN
coco_mcdrop15_10_no_retrain_c9s5_0_5_0_6,0.1728795353321933,0.5606134112372324,0.5025487617365096,0.7636293643648221,0.6962547198963593,0.7017449112890177,11594,816,25187,0.19625537232599496,0.8047748812069864,0.15188635639927908,0.1424553387895584,0.7143172484684632
