,PDQ,avg_pPDQ,avg_spatial,avg_fg,avg_bg,avg_label,TP,FP,FN,mAP,moLRP,moLRPLoc,moLRPFP,moLRPFN
coco_mcdrop05_10_no_retrain_c10s1_0_5_0_6,0.20350928782588149,0.5415922764818261,0.4840020468362681,0.7793871910001704,0.6613618718898014,0.7167076981946391,14380,1488,22401,0.25289107758622903,0.7489260342865638,0.14783212957145603,0.15107814390394453,0.6335906708288821
