,PDQ,avg_pPDQ,avg_spatial,avg_fg,avg_bg,avg_label,TP,FP,FN,mAP,moLRP,moLRPLoc,moLRPFP,moLRPFN
coco_mcdrop25_10_no_retrain_c8s2_0_1_0_6,0.15596491390438894,0.3630008830094691,0.3672151735702412,0.685916032996884,0.5791499147367026,0.4380545153140979,22388,15326,14393,0.22194624783775485,0.7990716064093923,0.1981069100396055,0.3584647540075088,0.6124327630100156
