,PDQ,avg_pPDQ,avg_spatial,avg_fg,avg_bg,avg_label,TP,FP,FN,mAP,moLRP,moLRPLoc,moLRPFP,moLRPFN
coco_mcdrop25_10_no_retrain_c5s4_0_1_0_6,0.0886169363177325,0.28485438286657305,0.2941932400321241,0.6053754542285272,0.5496553643350285,0.3719776851227116,13789,7543,22992,0.09651667896770338,,,,
