,PDQ,avg_pPDQ,avg_spatial,avg_fg,avg_bg,avg_label,TP,FP,FN,mAP,moLRP,moLRPLoc,moLRPFP,moLRPFN
coco_mcdrop10_10_no_retrain_c0s5_0_5_0_6,0.03674662925475128,0.48049788536115584,0.4675527163192156,0.7131024393934243,0.6996705141379218,0.6266723322362866,2830,224,33951,0.03044969742428241,,,,
