,PDQ,avg_pPDQ,avg_spatial,avg_fg,avg_bg,avg_label,TP,FP,FN,mAP,moLRP,moLRPLoc,moLRPFP,moLRPFN
coco_mcdrop20_10_no_retrain_c5s1_0_5_0_6,0.1810824508103066,0.5419812428113976,0.46904759282113334,0.7380335804163207,0.6797814472868089,0.7021305176046,12586,889,24195,0.20091871239929776,0.7986702252468051,0.1676175150081023,0.15091232084685346,0.6919649105605973
