,PDQ,avg_pPDQ,avg_spatial,avg_fg,avg_bg,avg_label,TP,FP,FN,mAP,moLRP,moLRPLoc,moLRPFP,moLRPFN
coco_mcdrop05_10_no_retrain_c9s2_0_5_0_6,0.1847054190265602,0.5477560767406849,0.4941483992033114,0.7833043762935609,0.669450089197835,0.714339936366382,12778,1113,24003,0.22837297595295997,0.7729095876392641,0.14657013862683968,0.1385963442023037,0.6735593861435797
