,PDQ,avg_pPDQ,avg_spatial,avg_fg,avg_bg,avg_label,TP,FP,FN,mAP,moLRP,moLRPLoc,moLRPFP,moLRPFN
coco_mcdrop50_10_no_retrain_c0s4_0_5_0_6,0.06337745917558239,0.4711838037744673,0.39114798811821033,0.6507095927600639,0.6451633995027247,0.6403193490445878,4982,258,31799,0.053369829078794256,,,,
