,PDQ,avg_pPDQ,avg_spatial,avg_fg,avg_bg,avg_label,TP,FP,FN,mAP,moLRP,moLRPLoc,moLRPFP,moLRPFN
coco_mcdrop75_10_c6s3_0_5_0_6,0.027473167016886284,0.35789630466802475,0.28497282089419496,0.7143371597315569,0.48324601076656176,0.6195376393197918,2839,203,33942,0.028266444269163485,,,,
