,PDQ,avg_pPDQ,avg_spatial,avg_fg,avg_bg,avg_label,TP,FP,FN,mAP,moLRP,moLRPLoc,moLRPFP,moLRPFN
coco_mcdrop50_10_c0s2_0_1_0_6,0.15132923654404054,0.3684949442053848,0.3898871443680334,0.7107184594796249,0.5942035434775246,0.45090454239441113,19986,11886,16795,0.2343381023398894,,,,
