,PDQ,avg_pPDQ,avg_spatial,avg_fg,avg_bg,avg_label,TP,FP,FN,mAP,moLRP,moLRPLoc,moLRPFP,moLRPFN
coco_mcdrop01_10_no_retrain_c8s5_0_5_0_6,0.08056686738521703,0.4189922532461887,0.3638472204959714,0.7519639862102727,0.5288905142254885,0.6905111252067002,7235,845,29546,0.11021473642878411,0.8897240152530547,0.1494356832645456,0.17730943810196684,0.8379368712536216
