,PDQ,avg_pPDQ,avg_spatial,avg_fg,avg_bg,avg_label,TP,FP,FN,mAP,moLRP,moLRPLoc,moLRPFP,moLRPFN
coco_mcdrop25_10_c8s5_0_5_0_6,0.09526384312928193,0.5120157506509809,0.47796593422993966,0.7802575833160941,0.6506558104543609,0.6842079144507064,6952,584,29829,0.10390622800938283,0.8965590087395124,0.1535164563361002,0.14394016938722684,0.848514243579397
