,PDQ,avg_pPDQ,avg_spatial,avg_fg,avg_bg,avg_label,TP,FP,FN,mAP,moLRP,moLRPLoc,moLRPFP,moLRPFN
coco_mcdrop25_10_no_retrain_c5s1_0_1_0_6,0.17012857968555778,0.374582292976613,0.362948711634873,0.6949060542946934,0.5699467827712599,0.4674926235437847,25228,18765,11553,0.2745936874889746,0.7544661598426303,0.19625648646559843,0.3143986279377589,0.5367997135807421
