,PDQ,avg_pPDQ,avg_spatial,avg_fg,avg_bg,avg_label,TP,FP,FN,mAP,moLRP,moLRPLoc,moLRPFP,moLRPFN
coco_mcdrop25_10_no_retrain_c12s1_0_1_0_6,0.16510286005609356,0.3713293833748158,0.3615463195927584,0.6944760524371177,0.5640128154710724,0.4614889159215384,26060,21830,10721,0.27261726458733254,,,,
