,PDQ,avg_pPDQ,avg_spatial,avg_fg,avg_bg,avg_label,TP,FP,FN,mAP,moLRP,moLRPLoc,moLRPFP,moLRPFN
coco_mcdrop05_10_no_retrain_c9s5_0_5_0_6,0.16893268245555995,0.5482182040395668,0.5007418964830368,0.7819781886236329,0.6779267542005282,0.7073898519866038,11636,980,25145,0.2064014968894453,0.7943593926801271,0.14608498649303853,0.14592208143560553,0.7055090260088854
