,PDQ,avg_pPDQ,avg_spatial,avg_fg,avg_bg,avg_label,TP,FP,FN,mAP,moLRP,moLRPLoc,moLRPFP,moLRPFN
coco_mcdrop25_10_no_retrain_c7s2_0_1_0_6,0.1356940596981497,0.3441556317419934,0.35757436246741625,0.6775993782668768,0.5714003013075125,0.4149350688595956,20490,15187,16291,0.1796851635734528,,,,
