,PDQ,avg_pPDQ,avg_spatial,avg_fg,avg_bg,avg_label,TP,FP,FN,mAP,moLRP,moLRPLoc,moLRPFP,moLRPFN
coco_mcdrop15_10_no_retrain_c14s2_0_5_0_6,0.15777386846378694,0.5504995060875936,0.494798083895032,0.7452829030877987,0.7058110223654424,0.6943383285690052,10755,745,26026,0.1718894461985748,0.8274651434031284,0.16402818633970734,0.162894148957394,0.7385782845641877
