,PDQ,avg_pPDQ,avg_spatial,avg_fg,avg_bg,avg_label,TP,FP,FN,mAP,moLRP,moLRPLoc,moLRPFP,moLRPFN
coco_mcdrop75_10_no_retrain_c3s5_0_1_0_6,0.04200208547146718,0.15474266852402777,0.1619105198424887,0.3967732332274474,0.42662070750101233,0.20079528873943572,19048,33395,17733,0.04818715354811942,,,,
