,PDQ,avg_pPDQ,avg_spatial,avg_fg,avg_bg,avg_label,TP,FP,FN,mAP,moLRP,moLRPLoc,moLRPFP,moLRPFN
coco_mcdrop25_10_no_retrain_c11s1_0_5_0_6,0.18613464609135214,0.5433201402053324,0.46777299105968384,0.7375060512876507,0.6766465761170554,0.699131265899127,12883,824,23898,0.2075319251747467,0.7917208260314402,0.16378084886174823,0.13735576772629662,0.6867370609228269
