,PDQ,avg_pPDQ,avg_spatial,avg_fg,avg_bg,avg_label,TP,FP,FN,mAP,moLRP,moLRPLoc,moLRPFP,moLRPFN
coco_mcdrop05_10_no_retrain_c11s5_0_5_0_6,0.049295098596022845,0.5327734668968225,0.5166869060482049,0.7734708276782408,0.7028929902015635,0.6630285528013671,3419,171,33362,0.04998836670251405,,,,
