,PDQ,avg_pPDQ,avg_spatial,avg_fg,avg_bg,avg_label,TP,FP,FN,mAP,moLRP,moLRPLoc,moLRPFP,moLRPFN
coco_mcdrop75_10_no_retrain_c2s2_0_1_0_6,0.046985091752790475,0.1948744533531367,0.18526051879620706,0.4429516572375192,0.43498476558134413,0.2565840663198678,29821,86904,6960,0.12340432154353526,0.889753085294122,0.2743303485083732,0.5278332790587003,0.6950645454223604
