,PDQ,avg_pPDQ,avg_spatial,avg_fg,avg_bg,avg_label,TP,FP,FN,mAP,moLRP,moLRPLoc,moLRPFP,moLRPFN
coco_mcdrop75_10_no_retrain_c7s4_0_5_0_6,0.039050629558661704,0.37604272300411423,0.26749106770006087,0.541407212653798,0.5388115330297211,0.6046555428254238,3842,216,32939,0.027122978609595054,,,,
