,PDQ,avg_pPDQ,avg_spatial,avg_fg,avg_bg,avg_label,TP,FP,FN,mAP,moLRP,moLRPLoc,moLRPFP,moLRPFN
coco_mcdrop05_10_no_retrain_c11s1_0_5_0_6,0.18825550866851778,0.5494814408791536,0.49567793682962313,0.7846365740496104,0.6706742908695047,0.7148416301076016,13006,1181,23775,0.2320168230662292,0.7694347146424028,0.1469425389257796,0.13945783587862715,0.6679985725718474
