,PDQ,avg_pPDQ,avg_spatial,avg_fg,avg_bg,avg_label,TP,FP,FN,mAP,moLRP,moLRPLoc,moLRPFP,moLRPFN
coco_mcdrop25_10_c11s3_0_1_0_6,0.1572997041627784,0.3778516677439359,0.390281739507319,0.7343474600063202,0.5734678030570544,0.48162288927621866,20350,12102,16431,0.2657241904454233,,,,
