,PDQ,avg_pPDQ,avg_spatial,avg_fg,avg_bg,avg_label,TP,FP,FN,mAP,moLRP,moLRPLoc,moLRPFP,moLRPFN
coco_mcdrop15_10_no_retrain_c13s3_0_5_0_6,0.17568344445892214,0.5682510999877368,0.5147579104337138,0.7350503816308482,0.7373896706347647,0.7032559403712191,11658,927,25123,0.19125532609039098,0.8091406521874924,0.1591751727642299,0.16554736667240258,0.7142601006574267
