,PDQ,avg_pPDQ,avg_spatial,avg_fg,avg_bg,avg_label,TP,FP,FN,mAP,moLRP,moLRPLoc,moLRPFP,moLRPFN
coco_mcdrop05_10_no_retrain_c11s3_0_5_0_6,0.15886144686644096,0.5496019469297785,0.5020703176191997,0.7854722383769734,0.6757058586541687,0.707301605215324,10887,884,25894,0.19079547571092245,0.8105112045280449,0.14558772368081008,0.1435341410665307,0.7288900166601289
