,PDQ,avg_pPDQ,avg_spatial,avg_fg,avg_bg,avg_label,TP,FP,FN,mAP,moLRP,moLRPLoc,moLRPFP,moLRPFN
coco_mcdrop25_10_no_retrain_c5s2_0_1_0_6,0.15267826131115064,0.35520105752683334,0.3476307854042193,0.6735792116054472,0.5661135489871247,0.44851301095596957,22091,14613,14690,0.22282425552552837,0.7972477322075329,0.20938542842763994,0.35173190867504817,0.6003700758235915
