,PDQ,avg_pPDQ,avg_spatial,avg_fg,avg_bg,avg_label,TP,FP,FN,mAP,moLRP,moLRPLoc,moLRPFP,moLRPFN
coco_mcdrop75_10_c5s2_0_1_0_6,0.1429360171284125,0.34907319286712507,0.368022036312781,0.7024729480625215,0.5724547784926451,0.4170999720578143,19002,9625,17779,0.20779017466136626,0.804457430939688,0.2104407015335625,0.3339426542339411,0.6219783730280584
