,PDQ,avg_pPDQ,avg_spatial,avg_fg,avg_bg,avg_label,TP,FP,FN,mAP,moLRP,moLRPLoc,moLRPFP,moLRPFN
coco_mcdrop25_10_no_retrain_c11s5_0_1_0_6,0.08107323161575589,0.33843469212859256,0.3914417353441248,0.6755995309586276,0.6248286633937848,0.37206621521268884,9551,3089,27230,0.08160846513788485,,,,
