,PDQ,avg_pPDQ,avg_spatial,avg_fg,avg_bg,avg_label,TP,FP,FN,mAP,moLRP,moLRPLoc,moLRPFP,moLRPFN
coco_mcdrop75_10_c7s5_0_5_0_6,0.07136342764126197,0.5239026723802681,0.4995386454260855,0.767254358409464,0.6883776409670457,0.6372668800704869,5042,234,31739,0.06258958687900473,,,,
