,PDQ,avg_pPDQ,avg_spatial,avg_fg,avg_bg,avg_label,TP,FP,FN,mAP,moLRP,moLRPLoc,moLRPFP,moLRPFN
coco_mcdrop10_10_no_retrain_c2s1_0_5_0_6,0.16322212000100764,0.5578819085655295,0.5063978007946626,0.7661191082117679,0.6990951971403963,0.7026205190370015,11009,847,25772,0.18403697900492758,0.8160077663146174,0.1555438526919047,0.17011493244373144,0.7273940825960128
