,PDQ,avg_pPDQ,avg_spatial,avg_fg,avg_bg,avg_label,TP,FP,FN,mAP,moLRP,moLRPLoc,moLRPFP,moLRPFN
coco_mcdrop05_10_no_retrain_c14s4_0_5_0_6,0.09597227980974915,0.5090484233488414,0.4695623440921984,0.7294203640469773,0.6902624107643285,0.6788807199844582,7040,560,29741,0.10539432742849597,,,,
