,PDQ,avg_pPDQ,avg_spatial,avg_fg,avg_bg,avg_label,TP,FP,FN,mAP,moLRP,moLRPLoc,moLRPFP,moLRPFN
coco_mcdrop50_10_no_retrain_c1s5_0_5_0_6,0.04308180521727318,0.4627880338285856,0.38963401825423155,0.6408457010247812,0.6555401916315334,0.6287930883547358,3439,161,33342,0.03156509582165893,,,,
