,PDQ,avg_pPDQ,avg_spatial,avg_fg,avg_bg,avg_label,TP,FP,FN,mAP,moLRP,moLRPLoc,moLRPFP,moLRPFN
coco_mcdrop25_10_no_retrain_c8s1_0_5_0_6,0.17304701531722785,0.5400290007622499,0.4655193534185385,0.7385733328550752,0.6720707845001528,0.6963567357811343,12054,836,24727,0.1853483796853206,0.8141975513322773,0.16504532578076997,0.15412216187307493,0.7175278822408295
