,PDQ,avg_pPDQ,avg_spatial,avg_fg,avg_bg,avg_label,TP,FP,FN,mAP,moLRP,moLRPLoc,moLRPFP,moLRPFN
coco_mcdrop50_10_no_retrain_c3s4_0_1_0_6,0.09227262806335688,0.26329152454184296,0.26927638216436034,0.5685994845055583,0.5185644331344645,0.3336422714174912,16795,11142,19986,0.10587759027054851,,,,
