,PDQ,avg_pPDQ,avg_spatial,avg_fg,avg_bg,avg_label,TP,FP,FN,mAP,moLRP,moLRPLoc,moLRPFP,moLRPFN
coco_mcdrop75_10_c8s4_0_5_0_6,0.08874525543783272,0.5496566506532522,0.5274495235753298,0.7803697058987059,0.7097200338258393,0.6480559492390291,5980,257,30801,0.08869598907758254,,,,
