,PDQ,avg_pPDQ,avg_spatial,avg_fg,avg_bg,avg_label,TP,FP,FN,mAP,moLRP,moLRPLoc,moLRPFP,moLRPFN
coco_mcdrop25_10_no_retrain_c3s4_0_1_0_6,0.10308233511987691,0.3146622526157206,0.3307773407222755,0.6362362397197275,0.5792556177177038,0.39189404831706226,14448,7322,22333,0.11776301904163898,0.8835594156190858,0.2160080028562998,0.4785294185010872,0.764195637686677
