,PDQ,avg_pPDQ,avg_spatial,avg_fg,avg_bg,avg_label,TP,FP,FN,mAP,moLRP,moLRPLoc,moLRPFP,moLRPFN
coco_mcdrop75_10_no_retrain_c13s2_0_1_0_6,0.044233342801382546,0.21811430651892205,0.1967613877220872,0.4687897241590603,0.44938308596593124,0.29270905162302896,33301,127426,3480,0.16942359753388533,0.8573245297649958,0.27129566155224605,0.4389578027588506,0.621360619766649
