,PDQ,avg_pPDQ,avg_spatial,avg_fg,avg_bg,avg_label,TP,FP,FN,mAP,moLRP,moLRPLoc,moLRPFP,moLRPFN
coco_mcdrop50_10_c0s5_0_5_0_6,0.03487125163954084,0.46552806783366846,0.45980360570254625,0.723517203094723,0.6810442510381475,0.6143193300779876,2775,265,34006,0.029079715816863652,,,,
