,PDQ,avg_pPDQ,avg_spatial,avg_fg,avg_bg,avg_label,TP,FP,FN,mAP,moLRP,moLRPLoc,moLRPFP,moLRPFN
coco_mcdrop75_10_no_retrain_c12s2_0_1_0_6,0.042613784836041196,0.20192889985430287,0.1861615144361063,0.4606176440554311,0.43178171570652507,0.27280468969991006,31375,111892,5406,0.13100923739936143,0.8853765762227322,0.2743929840363787,0.5184139559569475,0.6799760741757469
