,PDQ,avg_pPDQ,avg_spatial,avg_fg,avg_bg,avg_label,TP,FP,FN,mAP,moLRP,moLRPLoc,moLRPFP,moLRPFN
coco_mcdrop25_10_c8s4_0_5_0_6,0.1072578834062688,0.5151130369720435,0.4821141931626795,0.7884290605037927,0.6472435523945219,0.684318657721213,7795,655,28986,0.1182954303979881,,,,
