,PDQ,avg_pPDQ,avg_spatial,avg_fg,avg_bg,avg_label,TP,FP,FN,mAP,moLRP,moLRPLoc,moLRPFP,moLRPFN
coco_mcdrop75_10_no_retrain_c3s1_0_1_0_6,0.04747902294392938,0.20947014729367114,0.19030162811346865,0.4651332234643353,0.43655534884744746,0.2826575700096397,31757,103326,5024,0.15271222624627254,0.8687171238037056,0.27139831293643485,0.47326605747454,0.6455563438829948
