,PDQ,avg_pPDQ,avg_spatial,avg_fg,avg_bg,avg_label,TP,FP,FN,mAP,moLRP,moLRPLoc,moLRPFP,moLRPFN
coco_mcdrop50_10_no_retrain_c1s1_0_5_0_6,0.13623924516968372,0.47647417237811934,0.3772557871556463,0.6565696355079135,0.6198199753642651,0.6676693878264369,10691,609,26090,0.14258995439787653,0.8549958826250446,0.19107193088028424,0.15238410585419102,0.7638682525573971
