,PDQ,avg_pPDQ,avg_spatial,avg_fg,avg_bg,avg_label,TP,FP,FN,mAP,moLRP,moLRPLoc,moLRPFP,moLRPFN
coco_mcdrop25_10_no_retrain_c8s5_0_1_0_6,0.1314315024461798,0.34663085515348546,0.3634550066054174,0.6752836004385365,0.5833399833195526,0.412405579439294,18067,10868,18714,0.1605517042291128,0.8489894223690235,0.2056866189960629,0.4118542605087137,0.7000455400552033
