,PDQ,avg_pPDQ,avg_spatial,avg_fg,avg_bg,avg_label,TP,FP,FN,mAP,moLRP,moLRPLoc,moLRPFP,moLRPFN
coco_mcdrop25_10_no_retrain_c9s5_0_1_0_6,0.17357523734927285,0.37976293367329805,0.37798300524904843,0.6971655311370293,0.5847661609597994,0.457503085554282,24089,15923,12692,0.2717414721239382,0.7562573204153973,0.1913800993981037,0.30715790351775835,0.5485608201325265
