,PDQ,avg_pPDQ,avg_spatial,avg_fg,avg_bg,avg_label,TP,FP,FN,mAP,moLRP,moLRPLoc,moLRPFP,moLRPFN
coco_mcdrop75_10_no_retrain_c11s2_0_1_0_6,0.04789356903672596,0.21274556540641212,0.19469255113604664,0.4673210146453156,0.4432279302948643,0.2837473082544655,32001,105369,4780,0.16070051923262438,0.8640214623278644,0.27226143792682744,0.46434136533300663,0.6333406637375807
