,PDQ,avg_pPDQ,avg_spatial,avg_fg,avg_bg,avg_label,TP,FP,FN,mAP,moLRP,moLRPLoc,moLRPFP,moLRPFN
coco_mcdrop75_10_no_retrain_c6s5_0_1_0_6,0.024050293382849936,0.11226686776153959,0.1141136650149315,0.32857153505339093,0.3999485088213909,0.1672777527313313,13708,27208,23073,0.020450750378641285,0.9756788221364807,0.33208311568305404,0.7543080912150247,0.9113955032931733
