,PDQ,avg_pPDQ,avg_spatial,avg_fg,avg_bg,avg_label,TP,FP,FN,mAP,moLRP,moLRPLoc,moLRPFP,moLRPFN
coco_mcdrop75_10_no_retrain_c0s2_0_5_0_6,0.05937514654356822,0.3796429481925274,0.26790172764189174,0.5283258479386953,0.5506986527993287,0.6093488886169479,5805,336,30976,0.05302455289239047,,,,
