,PDQ,avg_pPDQ,avg_spatial,avg_fg,avg_bg,avg_label,TP,FP,FN,mAP,moLRP,moLRPLoc,moLRPFP,moLRPFN
coco_mcdrop15_10_no_retrain_c14s4_0_5_0_6,0.10147835161224933,0.5358983681780739,0.49257746321939977,0.7335063397072962,0.7142074645934833,0.6728257043028311,7052,460,29729,0.10226537683794705,,,,
