,PDQ,avg_pPDQ,avg_spatial,avg_fg,avg_bg,avg_label,TP,FP,FN,mAP,moLRP,moLRPLoc,moLRPFP,moLRPFN
coco_mcdrop25_10_c2s5_0_5_0_6,0.032309539178972405,0.43546874363812976,0.43268827865048404,0.718915528637082,0.6476580772753243,0.610963102583014,2753,324,34028,0.028691966633236646,,,,
