,PDQ,avg_pPDQ,avg_spatial,avg_fg,avg_bg,avg_label,TP,FP,FN,mAP,moLRP,moLRPLoc,moLRPFP,moLRPFN
coco_mcdrop75_10_no_retrain_c14s5_0_5_0_6,0.024519611697034805,0.39037802833436996,0.2873481099362822,0.5495581881458951,0.5608460816254999,0.5962468424267148,2318,124,34463,0.022007971918046956,,,,
