,PDQ,avg_pPDQ,avg_spatial,avg_fg,avg_bg,avg_label,TP,FP,FN,mAP,moLRP,moLRPLoc,moLRPFP,moLRPFN
coco_mcdrop20_10_no_retrain_c5s4_0_5_0_6,0.0672220300329062,0.4718772781946549,0.40508490659854884,0.6799407513934856,0.6553893039097486,0.6550292631584438,5284,311,31497,0.06251463506557582,,,,
