,PDQ,avg_pPDQ,avg_spatial,avg_fg,avg_bg,avg_label,TP,FP,FN,mAP,moLRP,moLRPLoc,moLRPFP,moLRPFN
coco_mcdrop75_10_c9s3_0_1_0_6,0.17025350764241848,0.3723334345596442,0.400034769749284,0.7328447361339436,0.5896138844404355,0.4205664132036347,21478,10190,15303,0.2638384329792389,0.7565916770837673,0.19269039221688355,0.28634179976106583,0.5602086161791107
