,PDQ,avg_pPDQ,avg_spatial,avg_fg,avg_bg,avg_label,TP,FP,FN,mAP,moLRP,moLRPLoc,moLRPFP,moLRPFN
coco_mcdrop50_10_no_retrain_c9s1_0_1_0_6,0.1267033937839427,0.3163227540592242,0.29534204441162915,0.6171590205163131,0.5139596226595821,0.40407701056418804,28933,35452,7848,0.26171853472857914,0.7738594208812192,0.2184160167857579,0.32835528424735927,0.5307850362472412
