,PDQ,avg_pPDQ,avg_spatial,avg_fg,avg_bg,avg_label,TP,FP,FN,mAP,moLRP,moLRPLoc,moLRPFP,moLRPFN
coco_mcdrop50_10_no_retrain_c3s3_0_1_0_6,0.10887059273041906,0.2817771282842604,0.27710557579416917,0.5856511165068167,0.51563594381688,0.3601626737210133,20650,16665,16131,0.14887830100527624,0.8615603541770529,0.23055083353183464,0.45631753594328345,0.6958900725485456
