,PDQ,avg_pPDQ,avg_spatial,avg_fg,avg_bg,avg_label,TP,FP,FN,mAP,moLRP,moLRPLoc,moLRPFP,moLRPFN
coco_mcdrop25_10_c5s1_0_5_0_6,0.16378416974981042,0.5217165266136279,0.4735495081025948,0.7882091064947578,0.6386638326568828,0.70640926980652,11910,1157,24871,0.20525782903894732,0.7950277416447096,0.1576605726810594,0.1472604422424137,0.6967045328926987
