,PDQ,avg_pPDQ,avg_spatial,avg_fg,avg_bg,avg_label,TP,FP,FN,mAP,moLRP,moLRPLoc,moLRPFP,moLRPFN
coco_mcdrop50_10_no_retrain_c9s3_0_1_0_6,0.12824143491670462,0.3136834583498246,0.2960502090895033,0.6162118514179864,0.5155448479678844,0.3979848915232974,27955,31598,8826,0.2492921022338266,,,,
