,PDQ,avg_pPDQ,avg_spatial,avg_fg,avg_bg,avg_label,TP,FP,FN,mAP,moLRP,moLRPLoc,moLRPFP,moLRPFN
coco_mcdrop25_10_no_retrain_c6s4_0_5_0_6,0.026312979538372368,0.3386743962350243,0.24194031247094544,0.6336761318219719,0.4971119637325178,0.6261459244764895,2876,236,33905,0.023969963788423424,,,,
