,PDQ,avg_pPDQ,avg_spatial,avg_fg,avg_bg,avg_label,TP,FP,FN,mAP,moLRP,moLRPLoc,moLRPFP,moLRPFN
coco_mcdrop25_10_no_retrain_c3s3_0_1_0_6,0.13032453617159587,0.34019253018496093,0.3461446393702067,0.6560878202317484,0.5815845844377918,0.42334360692883144,17934,10033,18847,0.16821712917905962,0.8421595371890552,0.21019749390279016,0.41999917072713927,0.6845800838774064
