,PDQ,avg_pPDQ,avg_spatial,avg_fg,avg_bg,avg_label,TP,FP,FN,mAP,moLRP,moLRPLoc,moLRPFP,moLRPFN
coco_mcdrop25_10_no_retrain_c0s2_0_1_0_6,0.15811566353399886,0.3629983256697628,0.3656796120474514,0.6782235302098578,0.5833651502443946,0.44057240557306876,22615,15138,14166,0.23334837300465358,0.7888406165513151,0.19721449778678796,0.3530821618518802,0.5970868746890835
