,PDQ,avg_pPDQ,avg_spatial,avg_fg,avg_bg,avg_label,TP,FP,FN,mAP,moLRP,moLRPLoc,moLRPFP,moLRPFN
coco_mcdrop50_10_no_retrain_c14s5_0_1_0_6,0.05815541078177152,0.23779101297435468,0.26526634277110966,0.5394359210281507,0.5290207106135697,0.2858734948661874,16920,32403,19861,0.08132658147243353,0.9223430486568105,0.24700084922085871,0.5473024207808831,0.819307029745022
