,PDQ,avg_pPDQ,avg_spatial,avg_fg,avg_bg,avg_label,TP,FP,FN,mAP,moLRP,moLRPLoc,moLRPFP,moLRPFN
coco_mcdrop01_10_no_retrain_c9s4_0_5_0_6,0.14113669257496755,0.4492573073766089,0.38710744196008673,0.782352111281365,0.5334988933238481,0.717212495401966,12002,1423,24779,0.22310150225345984,0.7787514166878059,0.14290591330641325,0.1431916718604594,0.6842081612942681
