,PDQ,avg_pPDQ,avg_spatial,avg_fg,avg_bg,avg_label,TP,FP,FN,mAP,moLRP,moLRPLoc,moLRPFP,moLRPFN
coco_mcdrop75_10_c5s5_0_1_0_6,0.058387599002679924,0.2489923873034666,0.28288406436591623,0.6061117494982131,0.5287968426017515,0.32982436967978335,9759,4836,27022,0.05997928494827808,0.9361690547576227,0.25087387366000313,0.49185146820682707,0.861569996414255
