,PDQ,avg_pPDQ,avg_spatial,avg_fg,avg_bg,avg_label,TP,FP,FN,mAP,moLRP,moLRPLoc,moLRPFP,moLRPFN
coco_ensemble_5_c6s5_0_5_0_6,0.011511081650032833,0.29400395809660596,0.23184481843618876,0.7699346857815879,0.3681299779141105,0.6302808195414087,1453,330,35328,0.015108243336126488,,,,
