,PDQ,avg_pPDQ,avg_spatial,avg_fg,avg_bg,avg_label,TP,FP,FN,mAP,moLRP,moLRPLoc,moLRPFP,moLRPFN
coco_mcdrop25_10_c11s3_0_5_0_6,0.1508820552836197,0.5409747360602689,0.5056769030280518,0.8012705959912365,0.6633859900205447,0.6963852332647468,10490,830,26291,0.18577393639140133,0.8145902420990616,0.1462327416882767,0.12421820199291658,0.7372801082111753
