,PDQ,avg_pPDQ,avg_spatial,avg_fg,avg_bg,avg_label,TP,FP,FN,mAP,moLRP,moLRPLoc,moLRPFP,moLRPFN
coco_mcdrop50_10_no_retrain_c11s3_0_5_0_6,0.1239869521717633,0.48204212547530095,0.3854095982584906,0.6635103063466465,0.6240856591338096,0.665460804134343,9585,484,27196,0.1284927934793616,0.8691907080474097,0.1868401776759516,0.1362391045616104,0.791951329747692
