,PDQ,avg_pPDQ,avg_spatial,avg_fg,avg_bg,avg_label,TP,FP,FN,mAP,moLRP,moLRPLoc,moLRPFP,moLRPFN
coco_mcdrop20_10_no_retrain_c14s4_0_5_0_6,0.10056048816400512,0.5342832448839359,0.4843340061947605,0.7280361831052001,0.7080196088057047,0.6718369063412384,7002,421,29779,0.09878316094480306,,,,
