,PDQ,avg_pPDQ,avg_spatial,avg_fg,avg_bg,avg_label,TP,FP,FN,mAP,moLRP,moLRPLoc,moLRPFP,moLRPFN
coco_mcdrop25_10_c0s5_0_5_0_6,0.03079142241692262,0.43676720141908637,0.42477400489792544,0.7125140663770599,0.6441557193577404,0.6210012534608349,2615,312,34166,0.027092360525834684,,,,
