,PDQ,avg_pPDQ,avg_spatial,avg_fg,avg_bg,avg_label,TP,FP,FN,mAP,moLRP,moLRPLoc,moLRPFP,moLRPFN
coco_mcdrop20_10_no_retrain_c6s4_0_5_0_6,0.025582483311164368,0.32988313930689395,0.23748802257007395,0.6369722461891307,0.48806013060578723,0.6267071255316438,2873,266,33908,0.02420377886716953,,,,
