,PDQ,avg_pPDQ,avg_spatial,avg_fg,avg_bg,avg_label,TP,FP,FN,mAP,moLRP,moLRPLoc,moLRPFP,moLRPFN
coco_mcdrop50_10_no_retrain_c5s3_0_1_0_6,0.10347121447929308,0.27241063514808483,0.2641663362636202,0.5756680650722101,0.5016675823124069,0.3539879619988959,20728,17790,16053,0.13729673161499512,0.8708753149501222,0.2423325759986833,0.4508341576554117,0.711755419233015
