,PDQ,avg_pPDQ,avg_spatial,avg_fg,avg_bg,avg_label,TP,FP,FN,mAP,moLRP,moLRPLoc,moLRPFP,moLRPFN
coco_mcdrop01_10_no_retrain_c12s5_0_5_0_6,0.06343025030349983,0.3701342821010392,0.3198592346502156,0.7537078718338214,0.4707319579757623,0.6711270763828246,6454,880,30327,0.08184177885580811,,,,
