,PDQ,avg_pPDQ,avg_spatial,avg_fg,avg_bg,avg_label,TP,FP,FN,mAP,moLRP,moLRPLoc,moLRPFP,moLRPFN
coco_mcdrop50_10_c0s1_0_1_0_6,0.16705482437892902,0.3833670614166341,0.39748713303490507,0.7278447340274492,0.5889952298604294,0.4684717582550951,21936,13559,14845,0.26846239698386626,0.7544066853136819,0.18641841221271874,0.30944053638247615,0.5559158319587265
