,PDQ,avg_pPDQ,avg_spatial,avg_fg,avg_bg,avg_label,TP,FP,FN,mAP,moLRP,moLRPLoc,moLRPFP,moLRPFN
coco_mcdrop25_10_no_retrain_c14s2_0_5_0_6,0.1508354087200447,0.5389364412732424,0.47062857633079364,0.7250274726909453,0.6924673198720703,0.6891986830392897,10478,657,26303,0.1610566200099621,0.8381090096001961,0.17088697170820438,0.16157346068318576,0.7511026371770684
