,PDQ,avg_pPDQ,avg_spatial,avg_fg,avg_bg,avg_label,TP,FP,FN,mAP,moLRP,moLRPLoc,moLRPFP,moLRPFN
coco_mcdrop15_10_no_retrain_c6s3_0_5_0_6,0.03550808228115959,0.34853270090082994,0.25878760931198946,0.661157059386038,0.49442407721099957,0.6458854088537602,3785,371,32996,0.03739095369375295,,,,
