,PDQ,avg_pPDQ,avg_spatial,avg_fg,avg_bg,avg_label,TP,FP,FN,mAP,moLRP,moLRPLoc,moLRPFP,moLRPFN
coco_mcdrop25_10_no_retrain_c13s2_0_5_0_6,0.1930416365781166,0.544582134436279,0.4676771841848671,0.7252292147227595,0.6871302894018229,0.7017582275067985,13390,993,23391,0.21545477607947666,0.7838501408675485,0.16377436282709726,0.15485200539085625,0.6722610755405454
