,PDQ,avg_pPDQ,avg_spatial,avg_fg,avg_bg,avg_label,TP,FP,FN,mAP,moLRP,moLRPLoc,moLRPFP,moLRPFN
coco_mcdrop25_10_no_retrain_c13s2_0_1_0_6,0.17583287545620327,0.38795700925703824,0.37947525583746367,0.6922762226568357,0.591012104393153,0.47268232673465205,26953,22688,9828,0.3033935043546943,0.7337065631523482,0.1892177436128931,0.3031774554906217,0.50899589472101
