,PDQ,avg_pPDQ,avg_spatial,avg_fg,avg_bg,avg_label,TP,FP,FN,mAP,moLRP,moLRPLoc,moLRPFP,moLRPFN
coco_mcdrop01_10_no_retrain_c3s1_0_5_0_6,0.13288460329079885,0.43436732498657193,0.3692899112105319,0.768541785482551,0.5241327804306201,0.7156461885523007,11743,1604,25038,0.20910766319741267,0.7924243273653009,0.14858241771643427,0.17646525461625068,0.6978428101864483
