,PDQ,avg_pPDQ,avg_spatial,avg_fg,avg_bg,avg_label,TP,FP,FN,mAP,moLRP,moLRPLoc,moLRPFP,moLRPFN
coco_mcdrop75_10_no_retrain_c7s3_0_1_0_6,0.037169094092780984,0.18405774319222853,0.1778894388467856,0.44053591166840717,0.42642263359207044,0.2426413930454698,29482,109211,7299,0.09809506739636957,,,,
