,PDQ,avg_pPDQ,avg_spatial,avg_fg,avg_bg,avg_label,TP,FP,FN,mAP,moLRP,moLRPLoc,moLRPFP,moLRPFN
coco_mcdrop75_10_no_retrain_c0s3_0_5_0_6,0.04780286918936594,0.3845099163096848,0.27438019262667224,0.5321271309222894,0.5617108724616487,0.6071565328966939,4604,252,32177,0.038763846628636016,,,,
