,PDQ,avg_pPDQ,avg_spatial,avg_fg,avg_bg,avg_label,TP,FP,FN,mAP,moLRP,moLRPLoc,moLRPFP,moLRPFN
coco_mcdrop25_10_c13s4_0_5_0_6,0.09537221131510147,0.5498813285823946,0.5357155419355576,0.7224572169061046,0.7710822667315279,0.6793434352605335,6460,465,30321,0.10470799810317534,,,,
