,PDQ,avg_pPDQ,avg_spatial,avg_fg,avg_bg,avg_label,TP,FP,FN,mAP,moLRP,moLRPLoc,moLRPFP,moLRPFN
coco_mcdrop15_10_no_retrain_c12s3_0_5_0_6,0.1382466802734355,0.5299408890760118,0.4681412852520877,0.7528288691302145,0.6660813577175628,0.6878578152515935,9766,655,27015,0.13173445184689558,,,,
