,PDQ,avg_pPDQ,avg_spatial,avg_fg,avg_bg,avg_label,TP,FP,FN,mAP,moLRP,moLRPLoc,moLRPFP,moLRPFN
coco_mcdrop50_10_no_retrain_c5s2_0_5_0_6,0.11879677326705629,0.47193533348470895,0.37110392153993155,0.6475755585650563,0.6251789041062693,0.6675869445918099,9389,518,27392,0.1190510504817737,0.8779863807498707,0.19816889628361067,0.173932226161037,0.7969565689024091
