,PDQ,avg_pPDQ,avg_spatial,avg_fg,avg_bg,avg_label,TP,FP,FN,mAP,moLRP,moLRPLoc,moLRPFP,moLRPFN
coco_mcdrop50_10_no_retrain_c12s2_0_5_0_6,0.12650373994406505,0.4691373471022006,0.36774863282788306,0.6568347825155552,0.608558787610439,0.6656642446353632,10099,671,26682,0.11973314291686094,0.8773821117067312,0.19739064469972417,0.15752860978832992,0.7967263912756846
