,PDQ,avg_pPDQ,avg_spatial,avg_fg,avg_bg,avg_label,TP,FP,FN,mAP,moLRP,moLRPLoc,moLRPFP,moLRPFN
coco_mcdrop20_10_no_retrain_c7s3_0_5_0_6,0.1214810474434299,0.5283683532958394,0.47326966394443304,0.7471596663742998,0.6754639513760268,0.67520312267795,8595,602,28186,0.11386355293158654,,,,
