,PDQ,avg_pPDQ,avg_spatial,avg_fg,avg_bg,avg_label,TP,FP,FN,mAP,moLRP,moLRPLoc,moLRPFP,moLRPFN
coco_mcdrop50_10_no_retrain_c1s2_0_5_0_6,0.12014834069304813,0.4809935130258973,0.383504509426362,0.6580061421637172,0.6275985786778557,0.6673187539973995,9308,482,27473,0.11832777801616887,0.8791339920053085,0.19490582015069238,0.1539587090502667,0.8013466209194229
