,PDQ,avg_pPDQ,avg_spatial,avg_fg,avg_bg,avg_label,TP,FP,FN,mAP,moLRP,moLRPLoc,moLRPFP,moLRPFN
coco_mcdrop50_10_no_retrain_c7s1_0_1_0_6,0.10876090083381461,0.29856886088896123,0.2877790250706273,0.606576742782088,0.5093694830622516,0.3770663646663746,27314,38201,9467,0.21081277800484277,0.8133413305808656,0.22241987996945775,0.378622658132675,0.6045670408937769
