,PDQ,avg_pPDQ,avg_spatial,avg_fg,avg_bg,avg_label,TP,FP,FN,mAP,moLRP,moLRPLoc,moLRPFP,moLRPFN
coco_mcdrop75_10_c6s5_0_1_0_6,0.02949159683576382,0.1798523858305554,0.1950899874383614,0.5590106610503794,0.4421874996216156,0.2883153512753295,6553,3182,30228,0.029787053076244012,0.9648504357396792,0.2912759049534595,0.5641059032718504,0.905855598483714
