,PDQ,avg_pPDQ,avg_spatial,avg_fg,avg_bg,avg_label,TP,FP,FN,mAP,moLRP,moLRPLoc,moLRPFP,moLRPFN
coco_mcdrop05_10_no_retrain_c13s5_0_5_0_6,0.04884370973713884,0.5291996788678899,0.5308765390399464,0.6896199873580252,0.8090274420546983,0.6450327101488345,3421,284,33360,0.05981805935856129,,,,
