,PDQ,avg_pPDQ,avg_spatial,avg_fg,avg_bg,avg_label,TP,FP,FN,mAP,moLRP,moLRPLoc,moLRPFP,moLRPFN
coco_mcdrop10_10_no_retrain_c9s1_0_5_0_6,0.19606850511580193,0.5625279307311178,0.5047427605731082,0.7737648339921334,0.6909865554716784,0.7119508158575731,13187,1053,23594,0.2297403967561854,0.7718723783729798,0.15028820713970326,0.1414461428490378,0.6670823030488229
