,PDQ,avg_pPDQ,avg_spatial,avg_fg,avg_bg,avg_label,TP,FP,FN,mAP,moLRP,moLRPLoc,moLRPFP,moLRPFN
coco_mcdrop50_10_c11s1_0_5_0_6,0.17394968818733553,0.5617802547699343,0.5239013074888448,0.7931608765290405,0.6936315525493674,0.6948834031120329,11666,895,25115,0.2079380902248086,0.7926625701611587,0.14719611836859053,0.1273890754359059,0.7037888112789557
