,PDQ,avg_pPDQ,avg_spatial,avg_fg,avg_bg,avg_label,TP,FP,FN,mAP,moLRP,moLRPLoc,moLRPFP,moLRPFN
coco_mcdrop25_10_no_retrain_c13s4_0_1_0_6,0.12264433259947058,0.34716926914568996,0.3881082971083125,0.6276739146836047,0.6605687354722476,0.392502156528864,17909,13914,18872,0.16422492900289418,0.8478384588731102,0.20414592585694194,0.43229387026660254,0.7002221911409982
