,PDQ,avg_pPDQ,avg_spatial,avg_fg,avg_bg,avg_label,TP,FP,FN,mAP,moLRP,moLRPLoc,moLRPFP,moLRPFN
coco_mcdrop50_10_c1s3_0_5_0_6,0.1117687675125836,0.5341700310669868,0.5044227598694118,0.7734505227147876,0.6861631447072221,0.6761434317733553,7814,564,28967,0.11743057004233622,,,,
