,PDQ,avg_pPDQ,avg_spatial,avg_fg,avg_bg,avg_label,TP,FP,FN,mAP,moLRP,moLRPLoc,moLRPFP,moLRPFN
coco_mcdrop05_10_no_retrain_c12s2_0_5_0_6,0.15816318326089787,0.5210347936235397,0.4640412404745062,0.7728408179988294,0.6452674329663863,0.7049689260714167,11516,1156,25265,0.17709406802184968,,,,
