,PDQ,avg_pPDQ,avg_spatial,avg_fg,avg_bg,avg_label,TP,FP,FN,mAP,moLRP,moLRPLoc,moLRPFP,moLRPFN
coco_mcdrop75_10_no_retrain_c7s5_0_1_0_6,0.038068274775901,0.17385342552758387,0.17200461228630448,0.42814214070379436,0.42030724951176085,0.2277141660195846,27353,88137,9428,0.07945364883505115,0.9255413001053749,0.2820007823105974,0.610768876785419,0.7854295769962948
