,PDQ,avg_pPDQ,avg_spatial,avg_fg,avg_bg,avg_label,TP,FP,FN,mAP,moLRP,moLRPLoc,moLRPFP,moLRPFN
coco_ensemble_5_c6s1_0_5_0_6,0.05174927134530711,0.3447674024222048,0.27538438783385305,0.837787653844767,0.3735633957609335,0.6903350867404138,5605,561,31176,0.08599175119146434,,,,
