,PDQ,avg_pPDQ,avg_spatial,avg_fg,avg_bg,avg_label,TP,FP,FN,mAP,moLRP,moLRPLoc,moLRPFP,moLRPFN
coco_mcdrop75_10_c11s1_0_1_0_6,0.17334816700681024,0.3734315462327395,0.3978330439284585,0.732751707093656,0.5867205545971311,0.4241941094841457,22337,11338,14444,0.274796564876952,0.7492520813445864,0.19372897848670884,0.2927458305032275,0.5392110953373906
