,PDQ,avg_pPDQ,avg_spatial,avg_fg,avg_bg,avg_label,TP,FP,FN,mAP,moLRP,moLRPLoc,moLRPFP,moLRPFN
coco_mcdrop25_10_no_retrain_c14s3_0_5_0_6,0.13817710505773076,0.5389282264829977,0.4744648129034261,0.7271993031589907,0.6953683636068003,0.684700849336092,9576,568,27205,0.14529175283852913,0.8536965985153314,0.17164416296756477,0.155524308335561,0.7740350996827796
