,PDQ,avg_pPDQ,avg_spatial,avg_fg,avg_bg,avg_label,TP,FP,FN,mAP,moLRP,moLRPLoc,moLRPFP,moLRPFN
coco_mcdrop01_10_no_retrain_c1s3_0_5_0_6,0.09414131398743981,0.42556646840788737,0.3684074260195548,0.7462915403982904,0.5351965088999957,0.6973034079802117,8363,1024,28418,0.1334368366296397,0.8665290197367644,0.15432870820614372,0.1787385878285783,0.8033082084251285
