,PDQ,avg_pPDQ,avg_spatial,avg_fg,avg_bg,avg_label,TP,FP,FN,mAP,moLRP,moLRPLoc,moLRPFP,moLRPFN
coco_mcdrop75_10_no_retrain_c5s2_0_1_0_6,0.046977301178884955,0.19983279426409206,0.1837292388029969,0.4531597246976893,0.43045867431239637,0.26975700483121556,30333,92250,6448,0.13239491721211682,0.883742472412133,0.27373939086201576,0.4806755197338587,0.6918305469812459
