,PDQ,avg_pPDQ,avg_spatial,avg_fg,avg_bg,avg_label,TP,FP,FN,mAP,moLRP,moLRPLoc,moLRPFP,moLRPFN
coco_mcdrop25_10_no_retrain_c3s1_0_1_0_6,0.1688346336553564,0.37557971644897337,0.36674368799235907,0.6900857924850532,0.5787738401236445,0.46557391347378546,24285,17242,12496,0.26567186321405334,0.7625910778486421,0.192762825684582,0.3231117044639084,0.5541828106764276
