,PDQ,avg_pPDQ,avg_spatial,avg_fg,avg_bg,avg_label,TP,FP,FN,mAP,moLRP,moLRPLoc,moLRPFP,moLRPFN
coco_mcdrop01_10_no_retrain_c0s1_0_5_0_6,0.13409614770589115,0.437969599334346,0.3746963505157738,0.7695446585017802,0.5281639835099593,0.713954501900581,11718,1491,25063,0.2118813800157266,0.7888625129780397,0.14850017268808693,0.15791021058218624,0.6924525868905933
