,PDQ,avg_pPDQ,avg_spatial,avg_fg,avg_bg,avg_label,TP,FP,FN,mAP,moLRP,moLRPLoc,moLRPFP,moLRPFN
coco_mcdrop50_10_no_retrain_c0s4_0_1_0_6,0.08972711920712632,0.25750381799896976,0.2756777312745304,0.5685623857831744,0.5216062454031211,0.3147244967831912,17857,14466,18924,0.10504188575993688,0.8978318377821972,0.2326713545346852,0.5094637456030653,0.7743840895707782
