,PDQ,avg_pPDQ,avg_spatial,avg_fg,avg_bg,avg_label,TP,FP,FN,mAP,moLRP,moLRPLoc,moLRPFP,moLRPFN
coco_mcdrop10_10_no_retrain_c1s4_0_5_0_6,0.08007545213662208,0.5214215487966088,0.48566534684283436,0.7335849140236106,0.7046277265403629,0.6676070078162594,5719,459,31062,0.07361129435494594,,,,
