,PDQ,avg_pPDQ,avg_spatial,avg_fg,avg_bg,avg_label,TP,FP,FN,mAP,moLRP,moLRPLoc,moLRPFP,moLRPFN
coco_mcdrop05_10_no_retrain_c3s4_0_5_0_6,0.07443943290346598,0.47542968860199286,0.42940915139486296,0.7289591975275698,0.6452942292642985,0.670415191976137,5848,569,30933,0.08028794485404456,0.9185278879352868,0.1684972241271023,0.22906093144590903,0.877092435602625
