,PDQ,avg_pPDQ,avg_spatial,avg_fg,avg_bg,avg_label,TP,FP,FN,mAP,moLRP,moLRPLoc,moLRPFP,moLRPFN
coco_mcdrop75_10_c11s3_0_1_0_6,0.15917343843372392,0.36692003171509796,0.400842267973785,0.7318867382181135,0.5900771477416433,0.41231729067279715,19947,9200,16834,0.23594300254941392,0.7791596037057072,0.1978067457407966,0.29372738516761937,0.5956829408296925
