,PDQ,avg_pPDQ,avg_spatial,avg_fg,avg_bg,avg_label,TP,FP,FN,mAP,moLRP,moLRPLoc,moLRPFP,moLRPFN
coco_mcdrop50_10_no_retrain_c12s3_0_1_0_6,0.10394277476930122,0.28157005025107207,0.2726197903095717,0.5983342936685893,0.49217141093035827,0.3637114715573251,24486,29549,12295,0.16277115038733006,0.8530686550632838,0.22978993448943294,0.414787175654334,0.6812869852669643
