,PDQ,avg_pPDQ,avg_spatial,avg_fg,avg_bg,avg_label,TP,FP,FN,mAP,moLRP,moLRPLoc,moLRPFP,moLRPFN
coco_mcdrop15_10_no_retrain_c3s3_0_5_0_6,0.11272080557631334,0.5217386939968061,0.4636990257988364,0.725314274371202,0.6891742796370366,0.6833399243807887,8072,581,28709,0.11518831155632855,0.8833832624587707,0.16698055999658695,0.20100112282052643,0.8234415124201486
