,PDQ,avg_pPDQ,avg_spatial,avg_fg,avg_bg,avg_label,TP,FP,FN,mAP,moLRP,moLRPLoc,moLRPFP,moLRPFN
coco_mcdrop50_10_c3s5_0_1_0_6,0.0639801268179961,0.2857363542501545,0.3238379877947626,0.6400101588982524,0.5636095395077875,0.37668258756141126,9240,4485,27541,0.06987769434088414,0.9264119225183574,0.22192814137156133,0.5104404678112984,0.8547973891961436
