,PDQ,avg_pPDQ,avg_spatial,avg_fg,avg_bg,avg_label,TP,FP,FN,mAP,moLRP,moLRPLoc,moLRPFP,moLRPFN
coco_mcdrop50_10_no_retrain_c2s1_0_5_0_6,0.12357156203317268,0.48039442531191623,0.38383141400342585,0.6572263542252994,0.6282878338880752,0.6648791448030156,9598,532,27183,0.1300296320903295,0.8682984061835075,0.19341794227424863,0.16390752080801196,0.7844447204839275
