,PDQ,avg_pPDQ,avg_spatial,avg_fg,avg_bg,avg_label,TP,FP,FN,mAP,moLRP,moLRPLoc,moLRPFP,moLRPFN
coco_mcdrop15_10_no_retrain_c11s3_0_5_0_6,0.16390053499046572,0.5619511121533253,0.5049711096602776,0.7673095700237389,0.6950470355463638,0.6995535234701045,10940,728,25841,0.18267144736809385,0.8177761385537782,0.15243781602163786,0.13965382842994611,0.7347074384290397
