,PDQ,avg_pPDQ,avg_spatial,avg_fg,avg_bg,avg_label,TP,FP,FN,mAP,moLRP,moLRPLoc,moLRPFP,moLRPFN
coco_mcdrop01_10_no_retrain_c1s1_0_5_0_6,0.13688279157141486,0.440075645995973,0.377022751624207,0.7710929290085861,0.5289962161125895,0.7154259296233597,11908,1503,24873,0.21178051898797107,0.7888278862157408,0.14942789981718624,0.15925743187235428,0.6926408949001933
