,PDQ,avg_pPDQ,avg_spatial,avg_fg,avg_bg,avg_label,TP,FP,FN,mAP,moLRP,moLRPLoc,moLRPFP,moLRPFN
coco_mcdrop25_10_c13s5_0_1_0_6,0.061818424078863586,0.3112530364352517,0.39172754761172035,0.5961519004663742,0.7152224036879825,0.3578347265649257,8382,5422,28399,0.08383017623830036,0.9182935382208267,0.20135193908061133,0.4341291920346382,0.8502897365093709
