,PDQ,avg_pPDQ,avg_spatial,avg_fg,avg_bg,avg_label,TP,FP,FN,mAP,moLRP,moLRPLoc,moLRPFP,moLRPFN
coco_mcdrop50_10_no_retrain_c10s1_0_5_0_6,0.15727574925058033,0.47237931260750693,0.3685168550696371,0.6519121625245592,0.6123486427182356,0.6713757798497687,12535,868,24246,0.17023748242312864,0.8259431567362527,0.18905504630003028,0.14298608251348655,0.7142944016294506
