,PDQ,avg_pPDQ,avg_spatial,avg_fg,avg_bg,avg_label,TP,FP,FN,mAP,moLRP,moLRPLoc,moLRPFP,moLRPFN
coco_mcdrop75_10_no_retrain_c5s2_0_5_0_6,0.06249587638462501,0.37870011050898916,0.26377294061232204,0.5203868640376259,0.5581480358781415,0.6143758679082548,6124,328,30657,0.05303543173880575,,,,
