,PDQ,avg_pPDQ,avg_spatial,avg_fg,avg_bg,avg_label,TP,FP,FN,mAP,moLRP,moLRPLoc,moLRPFP,moLRPFN
coco_mcdrop10_10_no_retrain_c8s2_0_5_0_6,0.14931169757299245,0.5511984867893366,0.5017426176653957,0.77533418590031,0.6854897707941212,0.6986448203419353,10162,733,26619,0.15947418117492565,0.8410960036883998,0.15430948332979688,0.16509689205856337,0.7648414564137118
