,PDQ,avg_pPDQ,avg_spatial,avg_fg,avg_bg,avg_label,TP,FP,FN,mAP,moLRP,moLRPLoc,moLRPFP,moLRPFN
coco_mcdrop05_10_no_retrain_c1s4_0_5_0_6,0.07676593691248008,0.5014854796586949,0.46814481451431644,0.7334380099327129,0.6786759470060606,0.6678590254156587,5711,527,31070,0.07652719944101809,,,,
