,PDQ,avg_pPDQ,avg_spatial,avg_fg,avg_bg,avg_label,TP,FP,FN,mAP,moLRP,moLRPLoc,moLRPFP,moLRPFN
coco_mcdrop50_10_no_retrain_c14s2_0_1_0_6,0.10707547254907585,0.2966934803111838,0.28873339983167046,0.5906366736941997,0.5238328216905505,0.3720381103535566,27069,38224,9712,0.20792005464628935,,,,
