,PDQ,avg_pPDQ,avg_spatial,avg_fg,avg_bg,avg_label,TP,FP,FN,mAP,moLRP,moLRPLoc,moLRPFP,moLRPFN
coco_mcdrop50_10_c0s4_0_1_0_6,0.0919747897974657,0.3103029612342963,0.35847294256035306,0.6648185722926137,0.5901046982061551,0.3842636969919955,13350,8259,23431,0.1130450808587207,,,,
