,PDQ,avg_pPDQ,avg_spatial,avg_fg,avg_bg,avg_label,TP,FP,FN,mAP,moLRP,moLRPLoc,moLRPFP,moLRPFN
coco_mcdrop01_10_no_retrain_c5s4_0_5_0_6,0.041895246861164755,0.3246449900012516,0.2638359605676363,0.7007598423284631,0.43468024238317543,0.6639558065556733,4852,817,31929,0.06660008417958581,,,,
