,PDQ,avg_pPDQ,avg_spatial,avg_fg,avg_bg,avg_label,TP,FP,FN,mAP,moLRP,moLRPLoc,moLRPFP,moLRPFN
coco_mcdrop75_10_c6s2_0_5_0_6,0.038272604561300466,0.3876070072237233,0.31272072165992393,0.7392001796858391,0.49775802417080717,0.630355917206865,3654,225,33127,0.041099042786716486,,,,
