,PDQ,avg_pPDQ,avg_spatial,avg_fg,avg_bg,avg_label,TP,FP,FN,mAP,moLRP,moLRPLoc,moLRPFP,moLRPFN
coco_mcdrop50_10_no_retrain_c5s1_0_1_0_6,0.1219524043600568,0.3082597994274582,0.28661630577115366,0.6125481282300849,0.5069495499576269,0.3995432020067335,28171,34427,8610,0.23987239518434,0.7915388243749106,0.22032295851028175,0.35504494020774213,0.5649096780505921
