,PDQ,avg_pPDQ,avg_spatial,avg_fg,avg_bg,avg_label,TP,FP,FN,mAP,moLRP,moLRPLoc,moLRPFP,moLRPFN
coco_mcdrop75_10_no_retrain_c1s3_0_1_0_6,0.04723796401158277,0.1890415546909835,0.18223536249512953,0.43658392921816375,0.4324669382459663,0.24899423595671663,28438,77025,8343,0.10837057328334068,,,,
