,PDQ,avg_pPDQ,avg_spatial,avg_fg,avg_bg,avg_label,TP,FP,FN,mAP,moLRP,moLRPLoc,moLRPFP,moLRPFN
coco_mcdrop10_10_no_retrain_c2s5_0_5_0_6,0.03889737489401274,0.4858957744770468,0.47258894594282563,0.7108784163782207,0.7086571144012336,0.6261231771609032,2965,257,33816,0.03180409001571843,,,,
