,PDQ,avg_pPDQ,avg_spatial,avg_fg,avg_bg,avg_label,TP,FP,FN,mAP,moLRP,moLRPLoc,moLRPFP,moLRPFN
coco_mcdrop20_10_no_retrain_c10s2_0_5_0_6,0.201470418320414,0.5446246745585545,0.47199057509157755,0.7451547841606971,0.6757284198604027,0.7028342623235668,14005,1078,22776,0.22798006656670636,0.771668260127492,0.16171705034014935,0.14874941202439773,0.6559211126476224
