,PDQ,avg_pPDQ,avg_spatial,avg_fg,avg_bg,avg_label,TP,FP,FN,mAP,moLRP,moLRPLoc,moLRPFP,moLRPFN
coco_mcdrop50_10_no_retrain_c6s1_0_5_0_6,0.06735908530982807,0.41720083202509317,0.3094861378624318,0.6392031157797671,0.5586751299825582,0.6523203033515635,5984,282,30797,0.06355107948669035,0.9339451249656415,0.23945421982568943,0.210671587439448,0.8757593428433867
