,PDQ,avg_pPDQ,avg_spatial,avg_fg,avg_bg,avg_label,TP,FP,FN,mAP,moLRP,moLRPLoc,moLRPFP,moLRPFN
coco_mcdrop75_10_no_retrain_c13s4_0_1_0_6,0.03801650282976031,0.17742838619929854,0.1819141707680211,0.3995147247325941,0.4680057055415994,0.22366663344516635,27396,91080,9385,0.09662185748158514,0.9125868280778959,0.27128731250710136,0.5690405267342487,0.7648712849884559
