,PDQ,avg_pPDQ,avg_spatial,avg_fg,avg_bg,avg_label,TP,FP,FN,mAP,moLRP,moLRPLoc,moLRPFP,moLRPFN
coco_mcdrop20_10_no_retrain_c3s4_0_5_0_6,0.07907359014908043,0.5015189501129103,0.4431276693418965,0.7026579706686346,0.6871006750364878,0.6651020845624901,5861,392,30920,0.07562930641453657,0.9232267218033187,0.17645851997912748,0.22018349565803538,0.8820601957459449
