,PDQ,avg_pPDQ,avg_spatial,avg_fg,avg_bg,avg_label,TP,FP,FN,mAP,moLRP,moLRPLoc,moLRPFP,moLRPFN
coco_mcdrop05_10_no_retrain_c2s2_0_5_0_6,0.13491392493403268,0.5324231131182865,0.4881394674147171,0.7621555375142404,0.6800325414086908,0.6982117568838762,9532,836,27249,0.15950681961317542,0.8405564078968807,0.15235776461168074,0.17454141473924586,0.7663416368216052
