,PDQ,avg_pPDQ,avg_spatial,avg_fg,avg_bg,avg_label,TP,FP,FN,mAP,moLRP,moLRPLoc,moLRPFP,moLRPFN
coco_mcdrop50_10_c14s4_0_1_0_6,0.10373445014366767,0.32387238735908663,0.35725140070358463,0.6400590088251946,0.6157710226875003,0.4030474920547042,15459,11484,21322,0.14320726569761436,0.8635258982232129,0.21185175641469428,0.4119616967682464,0.7373622161576513
