,PDQ,avg_pPDQ,avg_spatial,avg_fg,avg_bg,avg_label,TP,FP,FN,mAP,moLRP,moLRPLoc,moLRPFP,moLRPFN
coco_mcdrop20_10_no_retrain_c10s1_0_5_0_6,0.20647683173405476,0.5462276909806905,0.4729675897328258,0.7471180260139861,0.6753101258056766,0.7044618875245503,14340,1155,22441,0.23487869336431158,0.7652405971298244,0.16046219628900382,0.14711046055002733,0.6460532263299053
