,PDQ,avg_pPDQ,avg_spatial,avg_fg,avg_bg,avg_label,TP,FP,FN,mAP,moLRP,moLRPLoc,moLRPFP,moLRPFN
coco_mcdrop75_10_c3s1_0_1_0_6,0.16169119664841375,0.36788264279988314,0.3893900690228958,0.7162366835955213,0.5911028960151419,0.42744539463961145,20918,10812,15863,0.2447150749588878,0.7745552108983669,0.19752801123402414,0.31233697525926546,0.5812717774634766
