,PDQ,avg_pPDQ,avg_spatial,avg_fg,avg_bg,avg_label,TP,FP,FN,mAP,moLRP,moLRPLoc,moLRPFP,moLRPFN
coco_mcdrop25_10_no_retrain_c13s5_0_1_0_6,0.07036971368339885,0.3068964254852625,0.3858631843423142,0.5967763019133111,0.6934158465881556,0.3324422206514402,10263,7978,26518,0.08515747067922326,0.9172375420552547,0.20527881547489332,0.4816471611424345,0.8417328031762658
