,PDQ,avg_pPDQ,avg_spatial,avg_fg,avg_bg,avg_label,TP,FP,FN,mAP,moLRP,moLRPLoc,moLRPFP,moLRPFN
coco_mcdrop75_10_c2s1_0_5_0_6,0.11822894848611057,0.5538697822828486,0.5262706189745604,0.7743474188176068,0.7137625717153453,0.6553619541303076,7920,322,28861,0.1311172342743377,0.8688979357354143,0.16068056283236384,0.11849530140987405,0.8100989419787379
