,PDQ,avg_pPDQ,avg_spatial,avg_fg,avg_bg,avg_label,TP,FP,FN,mAP,moLRP,moLRPLoc,moLRPFP,moLRPFN
coco_mcdrop75_10_c9s4_0_1_0_6,0.1686354181786712,0.37275844747760634,0.40025642982744886,0.7323523731051054,0.590584163348932,0.4213284683083165,21303,10308,15478,0.2603883717136156,0.7600119201183763,0.19280419491119805,0.2913042871630183,0.5634935636668128
