,PDQ,avg_pPDQ,avg_spatial,avg_fg,avg_bg,avg_label,TP,FP,FN,mAP,moLRP,moLRPLoc,moLRPFP,moLRPFN
coco_mcdrop75_10_no_retrain_c13s2_0_5_0_6,0.07527347825172669,0.37786920775651095,0.26283999541500697,0.5180279718605004,0.5537405230504672,0.6135793743862492,7418,457,29363,0.0727711807357214,0.923901878536934,0.22934579200257219,0.1558936041866597,0.8579201140645354
