,PDQ,avg_pPDQ,avg_spatial,avg_fg,avg_bg,avg_label,TP,FP,FN,mAP,moLRP,moLRPLoc,moLRPFP,moLRPFN
coco_mcdrop50_10_no_retrain_c8s2_0_1_0_6,0.11512073328867124,0.2951842841034958,0.2867239098658011,0.6053521508101177,0.5076729199909032,0.37208488278132473,25301,28094,11480,0.1917215611018752,0.8292751177369737,0.22597671233107627,0.3945479060296061,0.6334652401677363
