,PDQ,avg_pPDQ,avg_spatial,avg_fg,avg_bg,avg_label,TP,FP,FN,mAP,moLRP,moLRPLoc,moLRPFP,moLRPFN
coco_mcdrop05_10_no_retrain_c6s4_0_5_0_6,0.021029656570847943,0.2896695615267683,0.2139749526757758,0.6503285707186105,0.435486271274125,0.6283417189367401,2712,575,34069,0.025997099083340344,,,,
