,PDQ,avg_pPDQ,avg_spatial,avg_fg,avg_bg,avg_label,TP,FP,FN,mAP,moLRP,moLRPLoc,moLRPFP,moLRPFN
coco_mcdrop15_10_no_retrain_c5s4_0_5_0_6,0.06519049318142967,0.4637599013304998,0.40035515581993175,0.6898164580362682,0.6403570178708605,0.6577000401610277,5223,375,31558,0.06260067226182063,,,,
