,PDQ,avg_pPDQ,avg_spatial,avg_fg,avg_bg,avg_label,TP,FP,FN,mAP,moLRP,moLRPLoc,moLRPFP,moLRPFN
coco_mcdrop25_10_no_retrain_c12s5_0_1_0_6,0.1069559205357169,0.3081409495494823,0.3269713791660609,0.6512212013155086,0.5503485824517731,0.3854611440800273,16455,10626,20326,0.11082728909736686,,,,
