,PDQ,avg_pPDQ,avg_spatial,avg_fg,avg_bg,avg_label,TP,FP,FN,mAP,moLRP,moLRPLoc,moLRPFP,moLRPFN
coco_baseline_c13s2_0_5_0_6,0.09283922452331612,0.2846714712215371,0.19737850206959776,0.7216540494699523,0.3199343812219441,0.7261688516397071,12733,2262,24048,0.24449513109639626,0.7576102850661842,0.14509421714254692,0.15879065048598734,0.6493837458935602
