,PDQ,avg_pPDQ,avg_spatial,avg_fg,avg_bg,avg_label,TP,FP,FN,mAP,moLRP,moLRPLoc,moLRPFP,moLRPFN
coco_mcdrop25_10_no_retrain_c10s1_0_5_0_6,0.2008622936108699,0.53757403040782,0.45792716944726014,0.735588895415545,0.666331176158099,0.7007231657377404,14141,1065,22640,0.22488974011223842,0.7740677961325722,0.16461802323960617,0.14547215644363082,0.6558114591954757
