,PDQ,avg_pPDQ,avg_spatial,avg_fg,avg_bg,avg_label,TP,FP,FN,mAP,moLRP,moLRPLoc,moLRPFP,moLRPFN
coco_mcdrop25_10_c0s1_0_5_0_6,0.16060057536594477,0.5329294612731421,0.4922673666559864,0.7908358614406855,0.6573358019880109,0.7021922988384337,11393,1025,25388,0.20020710700015126,0.8002262042595112,0.15120664737190154,0.1459925259485546,0.7095408303368629
