,PDQ,avg_pPDQ,avg_spatial,avg_fg,avg_bg,avg_label,TP,FP,FN,mAP,moLRP,moLRPLoc,moLRPFP,moLRPFN
coco_mcdrop10_10_no_retrain_c11s5_0_5_0_6,0.05061660919259688,0.5499921233628069,0.5322535136546342,0.771991690368153,0.7232014225068671,0.6611494617133885,3399,152,33382,0.048832891852082345,,,,
