,PDQ,avg_pPDQ,avg_spatial,avg_fg,avg_bg,avg_label,TP,FP,FN,mAP,moLRP,moLRPLoc,moLRPFP,moLRPFN
coco_mcdrop20_10_no_retrain_c6s2_0_5_0_6,0.050939220110806344,0.3913977545238507,0.29424535531806395,0.6841724102929961,0.5208084896712188,0.6595823699723994,4836,377,31945,0.05183760621688928,,,,
