,PDQ,avg_pPDQ,avg_spatial,avg_fg,avg_bg,avg_label,TP,FP,FN,mAP,moLRP,moLRPLoc,moLRPFP,moLRPFN
coco_mcdrop20_10_no_retrain_c3s5_0_5_0_6,0.05321490108203181,0.4777100381637601,0.4275166293610672,0.6898282809205551,0.6791319683879686,0.6404742185775073,4130,294,32651,0.0458262927854108,,,,
