,PDQ,avg_pPDQ,avg_spatial,avg_fg,avg_bg,avg_label,TP,FP,FN,mAP,moLRP,moLRPLoc,moLRPFP,moLRPFN
coco_mcdrop01_10_no_retrain_c1s4_0_5_0_6,0.058308064746790546,0.3967679112657356,0.34350593194141,0.713488078654018,0.5339453754742709,0.6718350265653191,5509,706,31272,0.07566666972449601,,,,
