,PDQ,avg_pPDQ,avg_spatial,avg_fg,avg_bg,avg_label,TP,FP,FN,mAP,moLRP,moLRPLoc,moLRPFP,moLRPFN
coco_mcdrop50_10_no_retrain_c10s3_0_5_0_6,0.15036035943101209,0.4713443634264829,0.36946543250648445,0.6561390372712627,0.6099664985421447,0.668023289191174,11969,739,24812,0.16234967276946688,0.8349029359952155,0.19149284475935416,0.15338461050465518,0.7289957750468729
