,PDQ,avg_pPDQ,avg_spatial,avg_fg,avg_bg,avg_label,TP,FP,FN,mAP,moLRP,moLRPLoc,moLRPFP,moLRPFN
coco_mcdrop25_10_c11s1_0_5_0_6,0.17606867146369384,0.5392716437956178,0.4969819722966025,0.7990630442197301,0.656813325770443,0.7043725940260366,12379,1134,24402,0.22288219808637624,0.7784903463730111,0.14746748200143003,0.13577583126863538,0.6815698266093876
