,PDQ,avg_pPDQ,avg_spatial,avg_fg,avg_bg,avg_label,TP,FP,FN,mAP,moLRP,moLRPLoc,moLRPFP,moLRPFN
coco_mcdrop75_10_c6s1_0_1_0_6,0.0846542176936948,0.2759347605237171,0.275043992249983,0.6698351819599087,0.4826794097357045,0.3900037951645452,13192,6219,23589,0.1172768322440841,0.8832594109447042,0.24853675609235934,0.4167047674778902,0.7469046562644586
