,PDQ,avg_pPDQ,avg_spatial,avg_fg,avg_bg,avg_label,TP,FP,FN,mAP,moLRP,moLRPLoc,moLRPFP,moLRPFN
coco_mcdrop20_10_no_retrain_c9s4_0_5_0_6,0.17961885670598704,0.5529451895645335,0.48601908244008796,0.7501518416478979,0.6882946853090159,0.700380970895139,12201,779,24580,0.20241244022315016,0.798120773084691,0.15699697084865818,0.14004728730354687,0.7015173161553807
