,PDQ,avg_pPDQ,avg_spatial,avg_fg,avg_bg,avg_label,TP,FP,FN,mAP,moLRP,moLRPLoc,moLRPFP,moLRPFN
coco_mcdrop75_10_c9s5_0_5_0_6,0.12678631398829043,0.5631614792660288,0.5378179875254774,0.7786447930079634,0.7224925932847186,0.6568229170326976,8370,397,28411,0.1447096433100615,0.8553705922998297,0.15143206202223986,0.10378295309179336,0.7959841857549207
