,PDQ,avg_pPDQ,avg_spatial,avg_fg,avg_bg,avg_label,TP,FP,FN,mAP,moLRP,moLRPLoc,moLRPFP,moLRPFN
coco_mcdrop05_10_no_retrain_c5s5_0_5_0_6,0.039483225660924055,0.39690413807481245,0.34242363501020723,0.6835946239811167,0.5670535871877456,0.6434642898414081,3697,383,33084,0.041817329120453176,,,,
